<?xml version="1.0" encoding="ISO-8859-1"?>
<!DOCTYPE metadata SYSTEM "http://www.fgdc.gov/metadata/fgdc-std-001-1998.dtd">
<metadata>
	<idinfo>
		<citation>
			<citeinfo>
				<origin>DC GIS</origin>
				<pubdate>06/10/2002</pubdate>
				<title Sync="TRUE">DCGIS_DCBndyPly</title>
				<geoform Sync="TRUE">vector digital data</geoform>
				<onlink Sync="TRUE">\\OJSFILE\OCTODATA$\GIS\SPATIAL_DATA\DataCatalog\DCGIS_DCBndyPly.shp</onlink>
				<lworkcit>
					<citeinfo>
						<origin>DC GIS</origin>
						<title>DC Geographic Information System</title>
						<geoform>vector digital data</geoform>
					</citeinfo>
				</lworkcit>
				<ftname Sync="TRUE">DCGIS_DCBndyPly</ftname></citeinfo>
		</citation>
		<descript>
			<abstract>District of Columbia boundary. The dataset is a polygon representing the District of Columbia boundary, created as part of the DC Geographic Information System (DC GIS) for the D.C. Office of the Chief Technology Officer (OCTO) and participating D.C. government agencies.

The boundary was identified from public records and heads-up digitized using a combination of the 1995 orthophotographs, planimetric roads features, and the USGS digital raster graphic quad sheets, and 1999 planimetrics for the Potomac River boundary.

All DC GIS data is stored and exported in Maryland State Plane coordinates NAD 83 meters.

METADATA CONTENT IS IN PROCESS OF VALIDATION AND SUBJECT TO CHANGE.</abstract>
			<purpose>This data is used for the planning and management of Washington, D.C. by local government agencies.</purpose>
			<langdata Sync="TRUE">en</langdata></descript>
		<timeperd>
			<timeinfo>
				<sngdate>
					<caldate>06/10/2002</caldate>
				</sngdate>
			</timeinfo>
			<current>publication date</current>
		</timeperd>
		<status>
			<progress>Complete</progress><update>As needed</update></status>
		<spdom>
			<bounding>
				<westbc Sync="TRUE">-77.119896</westbc>
				<eastbc Sync="TRUE">-76.909016</eastbc>
				<northbc Sync="TRUE">38.995967</northbc>
				<southbc Sync="TRUE">38.791582</southbc>
			</bounding>
			<dsgpoly>
				<dsgpolyo>
					<grngpoin>
					</grngpoin>
				</dsgpolyo>
			</dsgpoly>
			<lboundng><leftbc Sync="TRUE">389613.706500</leftbc><rightbc Sync="TRUE">407881.659500</rightbc><bottombc Sync="TRUE">124876.928000</bottombc><topbc Sync="TRUE">147558.549000</topbc></lboundng></spdom>
		<keywords>
			<theme>
				<themekt>none</themekt>
				<themekey>Boundaries</themekey><themekey>Government Jurisdictions</themekey><themekey>Political Jurisdictions</themekey><themekey>Boundary</themekey></theme>
			<place>
				<placekey>Washington, D.C.</placekey>
				<placekey>District of Columbia</placekey>
				<placekey>DC</placekey>
				<placekey>DC GIS</placekey>
				<placekey>DCGIS</placekey>
			</place>
		</keywords>
		<accconst>Contact OCTO GIS. Any data obtained outside of OCTO GIS are unauthorized copies.</accconst>
		<useconst>Data may only be used for District Government projects and not redistributed in any manner. OCTO makes no claims as to the completeness, accuracy or content of any data contained hereon, and makes no representation of any kind, including, but not limited to, the warranty of the accuracy or fitness for a  particular use, nor are any such warranties to be implied or inferred with respect to the information or data furnished herein.</useconst>
		<ptcontac>
			<cntinfo>
				<cntorgp>
					<cntorg>D.C. Office of the Chief Technology Officer</cntorg>
					<cntper>GIS Data Coordinator</cntper>
				</cntorgp>
				<cntaddr>
					<addrtype>mailing and physical address</addrtype>
					<address>441 4th St NW, Suite 930 South</address>
					<city>Washington</city>
					<state>DC</state>
					<postal>20001</postal>
					<country>USA</country></cntaddr>
				<cntfax>(202) 727-5660</cntfax>
				<cntemail>dcgis@dc.gov</cntemail>
				<hours>8:30 am - 5:00 pm</hours>
			</cntinfo>
		</ptcontac>
		<datacred>D.C. Office of Planning</datacred>
		<native Sync="TRUE">Microsoft Windows XP Version 5.1 (Build 2600) Service Pack 2; ESRI ArcCatalog 9.1.0.722</native>
		<natvform Sync="TRUE">Shapefile</natvform></idinfo>
	<dataqual>
		<attracc>
			<attraccr>Data believed to be complete and accurate as of the time period cited. Subject to change. Digital version compared with original source data for accuracy and completeness. In process of validation by source and/or responsible agency.</attraccr>
		</attracc>
		<logic>In process of validation by source and/or responsible agency.</logic>
		<complete>Data believed to be complete and accurate, subject to change. Digital version compared with original source data for accuracy and completeness. In process of validation by source and/or responsible agency.</complete>
		<posacc>
			<horizpa>
				<horizpar>In process of validation by source and/or responsible agency.</horizpar>
			</horizpa>
			<vertacc>
				<vertaccr>N/A</vertaccr>
			</vertacc>
		</posacc>
		<lineage>
			<srcinfo>
				<srccite>
					<citeinfo>
						<origin>USGS</origin>
						<title>USGS 1:24,000 Digital raster graphic quad sheets</title>
					</citeinfo>
				</srccite>
				<srcscale>24000</srcscale>
				<typesrc>digital</typesrc>
				<srctime>
					<srccurr>publication date</srccurr>
				</srctime>
				<srccitea>USGS quads</srccitea>
				<srccontr>boundaries</srccontr>
			</srcinfo>
			<srcinfo>
				<srccite>
					<citeinfo>
						<origin>DC GIS</origin>
						<title>Planimetric water feature</title>
						<othercit>Potomac River forms one boundary of the District of Columbia</othercit>
					</citeinfo>
				</srccite>
				<srcscale>1000</srcscale>
				<typesrc>coverage</typesrc>
				<srccitea>Planimetric water features</srccitea>
				<srccontr>boundary</srccontr>
			</srcinfo>
			<procstep>
				<procdesc>The boundary was identified from public records and heads-up digitized using a combination of the 1995 orthophotographs, planimetric roads features, and the USGS digital raster graphic quad sheets, and 1999 planimetrics for the Potomac River boundary.

The DC boundary is defined by cornerstones and the far Potomac riverbank.  It has not been resurveyed since 1965.

The three corners were located on the USGS quads, and lines drawn to connect them. Those lines were intersected with the riverbank edge form the planimetric water feature. The resulting line coverage was then built as a polygon.

A base ArcInfo coverage of correct line work (snapbase.e00) for all DC data was developed after the final delivery of the planimetric street centerlines. The datasets were selected from the snapbase coverage, creating coincident geography with the other DC GIS datasets. When imported into the DC GIS geodatabase the coverages shift 0.01mm since the geodatabase supports only 11 digits of precision, not double precision (16 digits). The DC Boundary was part of this base dataset.

Planimetrics were created at a scale of 1:1,000. This means that a well defined feature falls within two feet of true position.

All DC GIS data is stored and exported in Maryland State Plane coordinates NAD 83 meters.</procdesc>
				<procdate>20010806</procdate>
				<proccont>
					<cntinfo>
						<cntfax>(202) 727-5660</cntfax>
						<cntemail>dcgis@dc.gov</cntemail>
						<hours>8:30 am - 5:00 pm</hours>
						<cntaddr><addrtype>mailing and physical address</addrtype><address>441 4th St NW, Suite 930 South</address><city>Washington</city><state>DC</state><postal>20001</postal><country>USA</country></cntaddr><cntorgp><cntorg>D.C. Office of the Chief Technology Officer</cntorg><cntper>GIS Data Coordinator</cntper></cntorgp></cntinfo>
				</proccont>
			</procstep>
			<procstep>
				<procdesc>Metadata imported.</procdesc>
				<srcused>C:\DOCUME~1\mark\LOCALS~1\Temp\xml89.tmp</srcused>
			</procstep>
			<procstep><procdesc Sync="TRUE">Metadata imported.</procdesc><srcused Sync="TRUE">C:\OCTOGIS\MetadataData\SDE.DCBndyPly.xml</srcused><date Sync="TRUE">20030620</date><time Sync="TRUE">11592300</time></procstep><procstep><procdesc Sync="TRUE">Metadata imported.</procdesc><srcused Sync="TRUE">M:\DCGISDATA_FINAL\Miscellaneous\DCBndyPly.shp.xml</srcused><date Sync="TRUE">20051103</date><time Sync="TRUE">13103200</time></procstep><procstep><procdesc Sync="TRUE">Dataset copied.</procdesc><srcused Sync="TRUE">Server=10.2.11.14; Service=5151; User=sde; Version=SDE.DEFAULT</srcused><date Sync="TRUE">20061010</date><time Sync="TRUE">20092600</time></procstep></lineage>
	</dataqual>
	<spdoinfo>
		<direct Sync="TRUE">Vector</direct>
		<ptvctinf>
			<sdtsterm Name="DCGIS_DCBndyPly">
				<sdtstype Sync="TRUE">G-polygon</sdtstype>
				<ptvctcnt Sync="TRUE">0</ptvctcnt>
			</sdtsterm>
			<esriterm Name="DCGIS_DCBndyPly"><efeatyp Sync="TRUE">Simple</efeatyp><efeageom Sync="TRUE">Polygon</efeageom><esritopo Sync="TRUE">FALSE</esritopo><efeacnt Sync="TRUE">0</efeacnt><spindex Sync="TRUE">FALSE</spindex><linrefer Sync="TRUE">FALSE</linrefer></esriterm></ptvctinf>
	</spdoinfo>
	<spref>
		<horizsys>
			<planar>
				<planci>
					<plance Sync="TRUE">coordinate pair</plance>
					<coordrep>
						<absres Sync="TRUE">0.000011</absres>
						<ordres Sync="TRUE">0.000011</ordres>
					</coordrep>
					<plandu Sync="TRUE">meters</plandu>
				</planci>
				<gridsys><gridsysn Sync="TRUE">State Plane Coordinate System 1983</gridsysn><spcs><spcszone Sync="TRUE">1900</spcszone><lambertc><stdparll Sync="TRUE">38.300000</stdparll><stdparll Sync="TRUE">39.450000</stdparll><longcm Sync="TRUE">-77.000000</longcm><latprjo Sync="TRUE">37.666667</latprjo><feast Sync="TRUE">400000.000000</feast><fnorth Sync="TRUE">0.000000</fnorth></lambertc></spcs></gridsys></planar>
			<geodetic>
				<horizdn Sync="TRUE">North American Datum of 1983</horizdn>
				<ellips Sync="TRUE">Geodetic Reference System 80</ellips>
				<semiaxis Sync="TRUE">6378137.000000</semiaxis>
				<denflat Sync="TRUE">298.257222</denflat>
			</geodetic>
			<cordsysn><geogcsn Sync="TRUE">GCS_North_American_1983</geogcsn><projcsn Sync="TRUE">NAD_1983_StatePlane_Maryland_FIPS_1900</projcsn></cordsysn></horizsys>
		<vertdef>
			<altsys>
				<altres Sync="TRUE">1.000000</altres>
				<altenc Sync="TRUE">Explicit elevation coordinate included with horizontal coordinates</altenc>
			</altsys>
		</vertdef>
	</spref>
	<eainfo>
		<detailed Name="DCGIS_DCBndyPly">
			<enttyp>
				<enttypl Sync="TRUE">DCGIS_DCBndyPly</enttypl>
				<enttypt Sync="TRUE">Feature Class</enttypt><enttypc Sync="TRUE">0</enttypc></enttyp>
			<attr>
				<attrlabl Sync="TRUE">Shape</attrlabl>
				<attrdef Sync="TRUE">Feature geometry.</attrdef>
				<attalias Sync="TRUE">Shape</attalias><attrtype Sync="TRUE">Geometry</attrtype><attwidth Sync="TRUE">0</attwidth><atprecis Sync="TRUE">0</atprecis><attscale Sync="TRUE">0</attscale><attrdefs Sync="TRUE">ESRI</attrdefs><attrdomv><udom Sync="TRUE">Coordinates defining the features.</udom></attrdomv></attr>
			<attr>
				<attrlabl Sync="TRUE">CITY_FIPS</attrlabl>
				<attrdef>City FIPS code</attrdef>
				<attalias Sync="TRUE">CITY_FIPS</attalias><attrtype Sync="TRUE">Number</attrtype><attwidth Sync="TRUE">10</attwidth></attr>
			<attr>
				<attrlabl Sync="TRUE">CITY_NAME</attrlabl>
				<attrdef>City name</attrdef>
				<attalias Sync="TRUE">CITY_NAME</attalias><attrtype Sync="TRUE">Number</attrtype><attwidth Sync="TRUE">19</attwidth></attr>
			<attr>
				<attrlabl Sync="TRUE">STATE_FIPS</attrlabl>
				<attrdef>State FIPS code</attrdef>
				<attalias Sync="TRUE">STATE_FIPS</attalias><attrtype Sync="TRUE">String</attrtype><attwidth Sync="TRUE">25</attwidth></attr>
			<attr>
				<attrlabl Sync="TRUE">STATE_NAME</attrlabl>
				<attrdef>State name</attrdef>
				<attalias Sync="TRUE">STATE_NAME</attalias><attrtype Sync="TRUE">Number</attrtype><attwidth Sync="TRUE">19</attwidth></attr>
			<attr>
				<attrlabl Sync="TRUE">STATE_CITY</attrlabl>
				<attrdef>State and city name</attrdef>
				<attalias Sync="TRUE">STATE_CITY</attalias><attrtype Sync="TRUE">String</attrtype><attwidth Sync="TRUE">20</attwidth></attr>
			<attr><attrlabl Sync="TRUE">TWO_OR_MOR</attrlabl><attalias Sync="TRUE">TWO_OR_MOR</attalias><attrtype Sync="TRUE">Number</attrtype><attwidth Sync="TRUE">19</attwidth><attrdef>Two or more</attrdef></attr><attr>
				<attrlabl Sync="TRUE">WEB_URL</attrlabl>
				<attrdef>Web link url</attrdef>
				<attalias Sync="TRUE">WEB_URL</attalias><attrtype Sync="TRUE">String</attrtype><attwidth Sync="TRUE">1</attwidth></attr>
			<attr>
				<attrlabl Sync="TRUE">AREAKM</attrlabl>
				<attrdef>Area in kilometers</attrdef>
				<attrdomv>
				</attrdomv>
				<attalias Sync="TRUE">AREAKM</attalias><attrtype Sync="TRUE">String</attrtype><attwidth Sync="TRUE">50</attwidth></attr>
			<attr>
				<attrlabl Sync="TRUE">AREAMILES</attrlabl>
				<attrdef>Area in miles</attrdef>
				<attalias Sync="TRUE">AREAMILES</attalias><attrtype Sync="TRUE">Number</attrtype><attwidth Sync="TRUE">19</attwidth><atnumdec Sync="TRUE">2</atnumdec></attr>
			<attr><attrlabl Sync="TRUE">SHAPE</attrlabl><attalias Sync="TRUE">SHAPE</attalias><attrtype Sync="TRUE">Number</attrtype><attwidth Sync="TRUE">19</attwidth><attrdef Sync="TRUE">Feature geometry.</attrdef><attrdefs Sync="TRUE">ESRI</attrdefs><attrdomv><udom Sync="TRUE">Coordinates defining the features.</udom></attrdomv><atnumdec Sync="TRUE">2</atnumdec></attr><attr><attrlabl Sync="TRUE">AGE_0_4</attrlabl><attalias Sync="TRUE">AGE_0_4</attalias><attrtype Sync="TRUE">Number</attrtype><attwidth Sync="TRUE">9</attwidth><attrdef>Total Population Age 0 - 4</attrdef></attr><attr><attrlabl Sync="TRUE">AGE_5_17</attrlabl><attalias Sync="TRUE">AGE_5_17</attalias><attrtype Sync="TRUE">Number</attrtype><attwidth Sync="TRUE">9</attwidth><attrdef>Total Population Age 5 - 17</attrdef></attr><attr><attrlabl Sync="TRUE">AGE_18_24</attrlabl><attalias Sync="TRUE">AGE_18_24</attalias><attrtype Sync="TRUE">Number</attrtype><attwidth Sync="TRUE">9</attwidth><attrdef>Total Population Age 18 - 24</attrdef></attr><attr><attrlabl Sync="TRUE">AGE_25_34</attrlabl><attalias Sync="TRUE">AGE_25_34</attalias><attrtype Sync="TRUE">Number</attrtype><attwidth Sync="TRUE">10</attwidth><attrdef>Total Population Age 25 - 34</attrdef></attr><attr><attrlabl Sync="TRUE">AGE_35_44</attrlabl><attalias Sync="TRUE">AGE_35_44</attalias><attrtype Sync="TRUE">Number</attrtype><attwidth Sync="TRUE">11</attwidth><attrdef>Total Population Age 35 - 44</attrdef></attr><attr><attrlabl Sync="TRUE">AGE_45_54</attrlabl><attalias Sync="TRUE">AGE_45_54</attalias><attrtype Sync="TRUE">Number</attrtype><attwidth Sync="TRUE">12</attwidth><attrdef>Total Population Age 45- 54</attrdef></attr><attr><attrlabl Sync="TRUE">AGE_55_64</attrlabl><attalias Sync="TRUE">AGE_55_64</attalias><attrtype Sync="TRUE">Number</attrtype><attwidth Sync="TRUE">12</attwidth><attrdef>Total Population Age 55 - 64</attrdef></attr><attr><attrlabl Sync="TRUE">AGE_65_</attrlabl><attalias Sync="TRUE">AGE_65_</attalias><attrtype Sync="TRUE">Number</attrtype><attwidth Sync="TRUE">10</attwidth><attrdef>Total Population Age 65+</attrdef></attr><attr><attrlabl Sync="TRUE">TOTAL_YOUT</attrlabl><attalias Sync="TRUE">TOTAL_YOUT</attalias><attrtype Sync="TRUE">Number</attrtype><attwidth Sync="TRUE">11</attwidth><attrdef>Total youth population</attrdef></attr><attr><attrlabl Sync="TRUE">WHITE</attrlabl><attalias Sync="TRUE">WHITE</attalias><attrtype Sync="TRUE">Number</attrtype><attwidth Sync="TRUE">13</attwidth><attrdef>Total youth population - White</attrdef></attr><attr><attrlabl Sync="TRUE">BLACK_AFRI</attrlabl><attalias Sync="TRUE">BLACK_AFRI</attalias><attrtype Sync="TRUE">Number</attrtype><attwidth Sync="TRUE">9</attwidth><attrdef>Total youth population - Black</attrdef></attr><attr><attrlabl Sync="TRUE">AMER_INDIA</attrlabl><attalias Sync="TRUE">AMER_INDIA</attalias><attrtype Sync="TRUE">Number</attrtype><attwidth Sync="TRUE">13</attwidth><attrdef>Total youth population - American Indian</attrdef></attr><attr><attrlabl Sync="TRUE">ASIAN</attrlabl><attalias Sync="TRUE">ASIAN</attalias><attrtype Sync="TRUE">Number</attrtype><attwidth Sync="TRUE">18</attwidth><attrdef>Total youth population - Asian</attrdef></attr><attr><attrlabl Sync="TRUE">HAWIAN_PAC</attrlabl><attalias Sync="TRUE">HAWIAN_PAC</attalias><attrtype Sync="TRUE">Number</attrtype><attwidth Sync="TRUE">9</attwidth><attrdef>Total youth population - Hawaiian/Pacific Islander</attrdef></attr><attr><attrlabl Sync="TRUE">HISPANIC</attrlabl><attalias Sync="TRUE">HISPANIC</attalias><attrtype Sync="TRUE">Number</attrtype><attwidth Sync="TRUE">19</attwidth><attrdef>Total youth population - hispanic</attrdef></attr><attr><attrlabl Sync="TRUE">POP</attrlabl><attalias Sync="TRUE">POP</attalias><attrtype Sync="TRUE">Number</attrtype><attwidth Sync="TRUE">14</attwidth></attr><attr><attrlabl Sync="TRUE">FID</attrlabl><attalias Sync="TRUE">FID</attalias><attrtype Sync="TRUE">Number</attrtype><attwidth Sync="TRUE">16</attwidth><attrdef Sync="TRUE">Internal feature number.</attrdef><attrdefs Sync="TRUE">ESRI</attrdefs><attrdomv><udom Sync="TRUE">Sequential unique whole numbers that are automatically generated.</udom></attrdomv></attr><attr><attrlabl Sync="TRUE">OTHER</attrlabl><attalias Sync="TRUE">OTHER</attalias><attrtype Sync="TRUE">Number</attrtype><attwidth Sync="TRUE">13</attwidth><attrdef>Total youth population - other</attrdef></attr><attr>
				<attrlabl Sync="TRUE">CAPITAL</attrlabl>
				<attrdef>Capital</attrdef>
				<attalias Sync="TRUE">CAPITAL</attalias><attrtype Sync="TRUE">Float</attrtype><attwidth Sync="TRUE">19</attwidth><atnumdec Sync="TRUE">11</atnumdec></attr>
			<attr><attrlabl Sync="TRUE">SHAPE_AREA</attrlabl><attalias Sync="TRUE">SHAPE_AREA</attalias><attrtype Sync="TRUE">Float</attrtype><attwidth Sync="TRUE">19</attwidth><attrdef Sync="TRUE">Area of feature in internal units squared.</attrdef><attrdefs Sync="TRUE">ESRI</attrdefs><attrdomv><udom Sync="TRUE">Positive real numbers that are automatically generated.</udom></attrdomv><atnumdec Sync="TRUE">11</atnumdec></attr><attr><attrlabl Sync="TRUE">SHAPE_LEN</attrlabl><attalias Sync="TRUE">SHAPE_LEN</attalias><attrtype Sync="TRUE">Double</attrtype><attwidth Sync="TRUE">19</attwidth><atprecis Sync="TRUE">18</atprecis><attscale Sync="TRUE">11</attscale></attr></detailed>
	</eainfo>
	<distinfo>
		<distrib>
			<cntinfo>
				<cntaddr>
					<addrtype>mailing and physical address</addrtype>
					<address>441 4th St NW, Suite 930 South</address>
					<city>Washington</city>
					<state>DC</state>
					<postal>20001</postal>
					<country>USA</country></cntaddr>
				<cntfax>(202) 727-5660</cntfax>
				<cntemail>dcgis@dc.gov</cntemail>
				<hours>8:30 am - 5:00 pm</hours>
				<cntinst>dcgis@dc.gov</cntinst>
				<cntorgp><cntorg>D.C. Office of the Chief Technology Officer</cntorg><cntper>GIS Data Coordinator</cntper></cntorgp></cntinfo>
		</distrib>
		<resdesc>Downloadable Data</resdesc>
		<distliab>OCTO makes no claims as to the completeness, accuracy or content of any data contained hereon, and makes no	representation of any kind, including, but not limited to, the warranty of the accuracy or fitness for a particular use, nor are any such warranties to be implied or inferred, with respect to the information or data furnished herein. Subject to terms and conditions of the Memorandum of Agreement. Memorandum of Agreement must have authorized signature.</distliab>
		<stdorder>
			<digform>
				<digtinfo>
					<transize Sync="TRUE">0.000</transize><dssize Sync="TRUE">0.000</dssize></digtinfo>
				<digtopt>
					<onlinopt>
						<computer>
							<networka>
							</networka>
						</computer>
					</onlinopt>
				</digtopt>
			</digform>
			<ordering>Most DC GIS datasets can be downloaded from "http://dcgis.dc.gov" on the data center page.  Orders can also be made by contacting OCTO GIS at "dcgis@dc.gov", especially for datasets not available for download.</ordering></stdorder>
	</distinfo>
	<metainfo>
		<metd Sync="TRUE">20061023</metd>
		<metc>
			<cntinfo>
				<cntaddr>
					<addrtype>mailing and physical address</addrtype>
					<address>441 4th St NW, Suite 930 South</address>
					<city>Washington</city>
					<state>DC</state>
					<postal>20001</postal>
					<country>USA</country>
				</cntaddr>
				<cntfax>(202) 727-5660</cntfax>
				<cntemail>dcgis@dc.gov</cntemail>
				<hours>8:30 am - 5:00 pm</hours>
				<cntinst>email</cntinst>
				<cntorgp><cntorg>D.C. Office of the Chief Technology Officer</cntorg><cntper>GIS Data Coordinator</cntper></cntorgp></cntinfo>
		</metc>
		<metstdn Sync="TRUE">FGDC Content Standards for Digital Geospatial Metadata</metstdn>
		<metstdv Sync="TRUE">FGDC-STD-001-1998</metstdv>
		<mettc Sync="TRUE">local time</mettc>
		<metac>None.</metac>
		<metuc>None.</metuc>
		<langmeta Sync="TRUE">en</langmeta><metrd>01/07/04</metrd><metextns><onlink Sync="TRUE">http://www.esri.com/metadata/esriprof80.html</onlink><metprof Sync="TRUE">ESRI Metadata Profile</metprof></metextns></metainfo>
	<Esri><ModDate>20061023</ModDate><ModTime>15234300</ModTime><CreaDate>20061010</CreaDate><CreaTime>20092600</CreaTime><SyncOnce>FALSE</SyncOnce><SyncDate>20061023</SyncDate><SyncTime>15234300</SyncTime><DataProperties><lineage><Process Name="RepairGeometry_33" ToolSource="C:\Program Files\ArcGIS\ArcToolbox\Toolboxes\Data Management Tools.tbx\RepairGeometry" Date="20051027" Time="151200">RepairGeometry E:\DCGISDATA_FINAL\Miscellaneous\DCBndyPly.shp E:\DCGISDATA_FINAL\Miscellaneous\DCBndyPly.shp</Process><Process ToolSource="C:\Program Files\ArcGIS\ArcToolbox\Toolboxes\Data Management Tools.tbx\CopyFeatures" Date="20061019" Time="183654">CopyFeatures E:\DCGISDATA_WORKSPACE\BOEE\DCBndyPly.shp "Database Connections\DCGISCentral_Vector.sde\DCGIS.DCBndyPly" DCGISDBP_S 10000 0 0</Process><Process ToolSource="C:\Program Files\ArcGIS\ArcToolbox\Toolboxes\Data Management Tools.tbx\CopyFeatures" Date="20061023" Time="152345">CopyFeatures "Database Connections\DCGISCentral_Vector.sde\DCGIS.DCBndyPly" G:\GIS\SPATIAL_DATA\DataCatalog\DCGIS_DCBndyPly.shp # 0 0 0</Process></lineage></DataProperties><MetaID>{3C9C6905-80A1-497A-AD0F-7F35FB42720A}</MetaID></Esri><mdDateSt Sync="TRUE">20061023</mdDateSt><dataIdInfo><envirDesc Sync="TRUE">Microsoft Windows XP Version 5.1 (Build 2600) Service Pack 2; ESRI ArcCatalog 9.1.0.722</envirDesc><dataLang><languageCode Sync="TRUE" value="en"></languageCode></dataLang><idCitation><resTitle Sync="TRUE">DCGIS_DCBndyPly</resTitle><presForm><PresFormCd Sync="TRUE" value="005"></PresFormCd></presForm></idCitation><spatRpType><SpatRepTypCd Sync="TRUE" value="001"></SpatRepTypCd></spatRpType><dataExt><geoEle><GeoBndBox esriExtentType="native"><westBL Sync="TRUE">389613.7065</westBL><eastBL Sync="TRUE">407881.6595</eastBL><northBL Sync="TRUE">147558.549</northBL><southBL Sync="TRUE">124876.928</southBL><exTypeCode Sync="TRUE">1</exTypeCode></GeoBndBox></geoEle></dataExt><geoBox esriExtentType="decdegrees"><westBL Sync="TRUE">-77.119896</westBL><eastBL Sync="TRUE">-76.909016</eastBL><northBL Sync="TRUE">38.995967</northBL><southBL Sync="TRUE">38.791582</southBL><exTypeCode Sync="TRUE">1</exTypeCode></geoBox></dataIdInfo><mdLang><languageCode Sync="TRUE" value="en"></languageCode></mdLang><mdStanName Sync="TRUE">ISO 19115 Geographic Information - Metadata</mdStanName><mdStanVer Sync="TRUE">DIS_ESRI1.0</mdStanVer><mdChar><CharSetCd Sync="TRUE" value="004"></CharSetCd></mdChar><mdHrLv><ScopeCd Sync="TRUE" value="005"></ScopeCd></mdHrLv><mdHrLvName Sync="TRUE">dataset</mdHrLvName><distInfo><distributor><distorTran><onLineSrc><orDesc Sync="TRUE">002</orDesc><linkage Sync="TRUE">file://\\OJSFILE\OCTODATA$\GIS\SPATIAL_DATA\DataCatalog\DCGIS_DCBndyPly.shp</linkage><protocol Sync="TRUE">Local Area Network</protocol></onLineSrc><transSize Sync="TRUE">0.000</transSize></distorTran><distorFormat><formatName Sync="TRUE">Shapefile</formatName></distorFormat></distributor></distInfo><refSysInfo><RefSystem><refSysID><identCode Sync="TRUE">NAD_1983_StatePlane_Maryland_FIPS_1900</identCode></refSysID></RefSystem></refSysInfo><spatRepInfo><VectSpatRep><topLvl><TopoLevCd Sync="TRUE" value="001"></TopoLevCd></topLvl><geometObjs Name="DCGIS_DCBndyPly"><geoObjTyp><GeoObjTypCd Sync="TRUE" value="001"></GeoObjTypCd></geoObjTyp><geoObjCnt Sync="TRUE">0</geoObjCnt></geometObjs></VectSpatRep></spatRepInfo></metadata>
