<?xml version="1.0"?>
<!--<!DOCTYPE metadata SYSTEM "http://www.esri.com/metadata/esriprof80.dtd">-->
<metadata xml:lang="en"><Esri><MetaID>{749AD5CC-68B1-4828-A71C-76F48C9C1F60}</MetaID><CreaDate>20130522</CreaDate><CreaTime>15250900</CreaTime><SyncOnce>FALSE</SyncOnce><DataProperties><lineage><Process ToolSource="D:\Program Files\ArcGIS\ArcToolbox\Toolboxes\Data Management Tools.tbx\CreateFeatureclass" Date="20130522" Time="152509">CreateFeatureclass D:\drought_monitor\shapefiles\temp dm_merge.shp POLYGON # DISABLED DISABLED "PROJCS['USA_Contiguous_Albers_Equal_Area_Conic',GEOGCS['GCS_North_American_1983',DATUM['D_North_American_1983',SPHEROID['GRS_1980',6378137.0,298.257222101]],PRIMEM['Greenwich',0.0],UNIT['Degree',0.0174532925199433]],PROJECTION['Albers'],PARAMETER['False_Easting',0.0],PARAMETER['False_Northing',0.0],PARAMETER['Central_Meridian',-96.0],PARAMETER['Standard_Parallel_1',29.5],PARAMETER['Standard_Parallel_2',45.5],PARAMETER['Latitude_Of_Origin',37.5],UNIT['Meter',1.0]];-16901100 -8579000 10000;#;#;0.001;#;#;IsHighPrecision" # 0 0 0 D:\drought_monitor\shapefiles\temp\dm_merge.shp</Process><Process ToolSource="D:\Program Files\ArcGIS\ArcToolbox\Toolboxes\Data Management Tools.tbx\AddField" Date="20130522" Time="152509">AddField D:\drought_monitor\shapefiles\temp\dm_merge.shp DM LONG # # # # NON_NULLABLE NON_REQUIRED # D:\drought_monitor\shapefiles\temp\dm_merge.shp</Process><Process ToolSource="D:\Program Files\ArcGIS\ArcToolbox\Toolboxes\Analysis Tools.tbx\Clip" Date="20130522" Time="152516">Clip D:\drought_monitor\shapefiles\temp\dm_merge.shp D:\drought_monitor\shapefiles\boundaries\us.shp D:\drought_monitor\shapefiles\temp\dm_merge_clp.shp #</Process><Process ToolSource="D:\Program Files\ArcGIS\ArcToolbox\Toolboxes\Data Management Tools.tbx\Dissolve" Date="20130522" Time="152518">Dissolve D:\drought_monitor\shapefiles\temp\dm_merge_clp.shp D:\drought_monitor\shapefiles\combined_shps\usdm130521.shp DM # MULTI_PART DISSOLVE_LINES</Process><Process ToolSource="D:\Program Files\ArcGIS\ArcToolbox\Toolboxes\Data Management Tools.tbx\ApplySymbologyFromLayer" Date="20130522" Time="152702">ApplySymbologyFromLayer usdm130521 D:\drought_monitor\symbologies\Drought_Monitor.lyr usdm130521</Process></lineage></DataProperties><SyncDate>20130522</SyncDate><SyncTime>15251800</SyncTime><ModDate>20130522</ModDate><ModTime>15251800</ModTime></Esri><idinfo><native Sync="TRUE">Microsoft Windows Vista Version 6.1 (Build 7601) Service Pack 1; ESRI ArcCatalog 9.3.0.1770</native><descript><langdata Sync="TRUE">en</langdata><abstract>Drought Monitor for May 21, 2013
The weekly U.S. Drought Monitor shapefile depicts areas of the United States that are experiencing drought. These areas are derived based on a variety of inputs, including climate indices, numerical models and the input of regional and local experts around the country. The shapefile is prepared through a partnership consisting of the U.S. Department of Agriculture (Joint Agricultural Weather Facility and National Water and Climate Center), the National Weather Service's Climate Prediction Center, National Climatic Data Center, and the National Drought Mitigation Center at the University of Nebraska Lincoln. 
This week's author(s): Brad Rippey, U.S. Department of Agriculture</abstract><purpose>The Drought Monitor is intended to provide a general and up-to-date summary of current drought conditions across the 50 states, Puerto Rico, and the Pacific possessions. This national product is designed to provide the 'big picture' so the general public, media, government officials, and others can see what is happening around the country. To keep the map from becoming too complex, the drought categories shown represent typical drought intensities, not every drought intensity, within the area. The map is not designed to depict local conditions or to replace drought warnings and watches issued by local or regional government entities. Local or state entities may be monitoring different indicators than those used in the Drought Monitor to meet specific needs or to address local problems. As a consequence, there could be water shortages or crop failures within an area not designated as drought, just as there could be locations with adequate water supplies in an area designated as D3 or D4 (extreme or exceptional) drought. 
This is public information and as such may be interpreted based on the needs of the organization, agency, or others. The National Drought Center and its partners are not responsible for outside interpretation and application of the data.</purpose></descript><citation><citeinfo><origin>National Drought Mitigation Center</origin><pubdate>05/21/2013</pubdate><title Sync="TRUE">usdm130521</title><ftname Sync="TRUE">usdm130521</ftname><geoform Sync="TRUE">vector digital data</geoform><onlink Sync="TRUE">\\SNR-1358\drought_monitor\shapefiles\combined_shps\usdm130521.shp</onlink></citeinfo></citation><timeperd><current>Valid between 05/14/2013 - 05/21/2013</current><timeinfo><sngdate><caldate>05/21/2013</caldate></sngdate></timeinfo></timeperd><status><progress>Completed</progress><update>As Needed</update></status><spdom><bounding><westbc Sync="TRUE">-180.000000</westbc><eastbc Sync="TRUE">180.000000</eastbc><northbc Sync="TRUE">90.000000</northbc><southbc Sync="TRUE">9.124985</southbc></bounding><lboundng><leftbc Sync="TRUE">-6101647.512202</leftbc><rightbc Sync="TRUE">2230747.186170</rightbc><bottombc Sync="TRUE">-1295788.375234</bottombc><topbc Sync="TRUE">4493684.866434</topbc></lboundng></spdom><keywords><theme><themekt>drought</themekt><themekey>drought monitoring</themekey></theme></keywords><accconst>None</accconst><useconst>None</useconst><natvform Sync="TRUE">Shapefile</natvform></idinfo><dataIdInfo><envirDesc Sync="TRUE">Microsoft Windows Vista Version 6.1 (Build 7601) Service Pack 1; ESRI ArcCatalog 9.3.0.1770</envirDesc><dataLang><languageCode Sync="TRUE" value="en"></languageCode></dataLang><idCitation><resTitle Sync="TRUE">usdm130521</resTitle><presForm><PresFormCd Sync="TRUE" value="005"></PresFormCd></presForm></idCitation><spatRpType><SpatRepTypCd Sync="TRUE" value="001"></SpatRepTypCd></spatRpType><dataExt><geoEle><GeoBndBox esriExtentType="native"><westBL Sync="TRUE">-6101647.512202</westBL><eastBL Sync="TRUE">2230747.18617</eastBL><northBL Sync="TRUE">4493684.866434</northBL><southBL Sync="TRUE">-1295788.375234</southBL><exTypeCode Sync="TRUE">1</exTypeCode></GeoBndBox></geoEle></dataExt><geoBox esriExtentType="decdegrees"><westBL Sync="TRUE">-180</westBL><eastBL Sync="TRUE">180</eastBL><northBL Sync="TRUE">90</northBL><southBL Sync="TRUE">9.124985</southBL><exTypeCode Sync="TRUE">1</exTypeCode></geoBox></dataIdInfo><metainfo><langmeta Sync="TRUE">en</langmeta><metstdn Sync="TRUE">FGDC Content Standards for Digital Geospatial Metadata</metstdn><metstdv Sync="TRUE">FGDC-STD-001-1998</metstdv><mettc Sync="TRUE">local time</mettc><metc><cntinfo><cntorgp><cntper>Geospatial Analyst</cntper><cntorg>National Drought Mitigation Center</cntorg></cntorgp><cntaddr><addrtype>mailing and physical address</addrtype><city>Lincoln</city><state>Nebraska</state><postal>National Drought Mitigation Center
University of Nebraska-Lincoln
819 Hardin Hall
3310 Holdrege St.
P.O. Box 830988
Lincoln, NE 68583-0988</postal></cntaddr><cntvoice>402 472-6707</cntvoice></cntinfo></metc><metd Sync="TRUE">20130522</metd><metextns><onlink Sync="TRUE">http://www.esri.com/metadata/esriprof80.html</onlink><metprof Sync="TRUE">ESRI Metadata Profile</metprof></metextns></metainfo><mdLang><languageCode Sync="TRUE" value="en"></languageCode></mdLang><mdStanName Sync="TRUE">ISO 19115 Geographic Information - Metadata</mdStanName><mdStanVer Sync="TRUE">DIS_ESRI1.0</mdStanVer><mdChar><CharSetCd Sync="TRUE" value="004"></CharSetCd></mdChar><mdHrLv><ScopeCd Sync="TRUE" value="005"></ScopeCd></mdHrLv><mdHrLvName Sync="TRUE">dataset</mdHrLvName><distinfo><resdesc Sync="TRUE">Downloadable Data</resdesc><stdorder><digform><digtinfo><transize Sync="TRUE">0.997</transize><dssize Sync="TRUE">0.997</dssize></digtinfo></digform></stdorder></distinfo><distInfo><distributor><distorTran><onLineSrc><orDesc Sync="TRUE">002</orDesc><linkage Sync="TRUE">file://\\SNR-1358\drought_monitor\shapefiles\combined_shps\usdm130521.shp</linkage><protocol Sync="TRUE">Local Area Network</protocol></onLineSrc><transSize Sync="TRUE">0.997</transSize></distorTran><distorFormat><formatName Sync="TRUE">Shapefile</formatName></distorFormat></distributor></distInfo><spdoinfo><direct Sync="TRUE">Vector</direct><ptvctinf><esriterm Name="usdm130521"><efeatyp Sync="TRUE">Simple</efeatyp><efeageom Sync="TRUE">Polygon</efeageom><esritopo Sync="TRUE">FALSE</esritopo><efeacnt Sync="TRUE">5</efeacnt><spindex Sync="TRUE">TRUE</spindex><linrefer Sync="TRUE">FALSE</linrefer></esriterm><sdtsterm Name="usdm130521"><sdtstype Sync="TRUE">G-polygon</sdtstype><ptvctcnt Sync="TRUE">5</ptvctcnt></sdtsterm></ptvctinf></spdoinfo><spref><horizsys><cordsysn><geogcsn Sync="TRUE">GCS_North_American_1983</geogcsn><projcsn Sync="TRUE">USA_Contiguous_Albers_Equal_Area_Conic</projcsn></cordsysn><planar><planci><plance Sync="TRUE">coordinate pair</plance><plandu Sync="TRUE">meters</plandu><coordrep><absres Sync="TRUE">0.000000</absres><ordres Sync="TRUE">0.000000</ordres></coordrep></planci><mapproj><mapprojn Sync="TRUE">Albers Conical Equal Area</mapprojn><albers><stdparll Sync="TRUE">29.500000</stdparll><stdparll Sync="TRUE">45.500000</stdparll><longcm Sync="TRUE">-96.000000</longcm><latprjo Sync="TRUE">37.500000</latprjo><feast Sync="TRUE">0.000000</feast><fnorth Sync="TRUE">0.000000</fnorth></albers></mapproj></planar><geodetic><horizdn Sync="TRUE">North American Datum of 1983</horizdn><ellips Sync="TRUE">Geodetic Reference System 80</ellips><semiaxis Sync="TRUE">6378137.000000</semiaxis><denflat Sync="TRUE">298.257222</denflat></geodetic></horizsys></spref><refSysInfo><RefSystem><refSysID><identCode Sync="TRUE">USA_Contiguous_Albers_Equal_Area_Conic</identCode></refSysID></RefSystem></refSysInfo><spatRepInfo><VectSpatRep><topLvl><TopoLevCd Sync="TRUE" value="001"></TopoLevCd></topLvl><geometObjs Name="usdm130521"><geoObjTyp><GeoObjTypCd Sync="TRUE" value="001"></GeoObjTypCd></geoObjTyp><geoObjCnt Sync="TRUE">5</geoObjCnt></geometObjs></VectSpatRep></spatRepInfo><eainfo><detailed Name="usdm130521"><enttyp><enttypl Sync="TRUE">usdm130521</enttypl><enttypt Sync="TRUE">Feature Class</enttypt><enttypc Sync="TRUE">5</enttypc></enttyp><attr><attrlabl Sync="TRUE">FID</attrlabl><attalias Sync="TRUE">FID</attalias><attrtype Sync="TRUE">OID</attrtype><attwidth Sync="TRUE">4</attwidth><atprecis Sync="TRUE">0</atprecis><attscale Sync="TRUE">0</attscale><attrdef Sync="TRUE">Internal feature number.</attrdef><attrdefs Sync="TRUE">ESRI</attrdefs><attrdomv><udom Sync="TRUE">Sequential unique whole numbers that are automatically generated.</udom></attrdomv></attr><attr><attrlabl Sync="TRUE">Shape</attrlabl><attalias Sync="TRUE">Shape</attalias><attrtype Sync="TRUE">Geometry</attrtype><attwidth Sync="TRUE">0</attwidth><atprecis Sync="TRUE">0</atprecis><attscale Sync="TRUE">0</attscale><attrdef Sync="TRUE">Feature geometry.</attrdef><attrdefs Sync="TRUE">ESRI</attrdefs><attrdomv><udom Sync="TRUE">Coordinates defining the features.</udom></attrdomv></attr><attr><attrlabl Sync="TRUE">DM</attrlabl><attalias Sync="TRUE">DM</attalias><attrtype Sync="TRUE">Number</attrtype><attwidth Sync="TRUE">9</attwidth></attr></detailed></eainfo><mdDateSt Sync="TRUE">20130522</mdDateSt><dataqual><lineage><procstep>Drought Monitor<procdesc>For more information on the Drought Monitor process, please visit http://drought.unl.edu/dm/monitor.html</procdesc><procdate>05/22/2013</procdate><proctime>05/22/2013</proctime><proccont><cntinfo><cntorgp><cntorg>U.S. Department of Agriculture</cntorg><cntper>Brad Rippey</cntper></cntorgp></cntinfo></proccont></procstep><procstep>Erase<procdesc>Erase Drought Monitor layers to produce polygons of D0, D1, D2, and D3 drought (original shapefiles show cumulative severity where D2 represents areas in D0, D1 and D2). This results in multiple shapefiles.</procdesc><procdate>05/22/2013</procdate><proctime>3:25 PM</proctime><proccont><cntinfo><cntorgp><cntorg>National Drought Mitigation Center</cntorg><cntper>Geospatial Analyst</cntper></cntorgp><cntvoice>402 472–6707</cntvoice><cntfax>402 472–2946</cntfax><cntemail>ndmc@unl.edu</cntemail><cntaddr><addrtype>mailing and physical address</addrtype><address>National Drought Mitigation Center
University of Nebraska-Lincoln
819 Hardin Hall
3310 Holdrege St.
P.O. Box 830988
Lincoln, NE 68583-0988</address><city>Lincoln</city><state>Nebraska</state><postal>68583–0988</postal><country>U.S.A.</country></cntaddr></cntinfo></proccont></procstep><procstep>Merge<procdesc>Shapefiles from Process Erase merged into new shapefile. Polygons identified by DM severity (0-4) in 'DM' field.</procdesc><procdate>05/22/2013</procdate><proctime>3:25 PM</proctime><proccont><cntinfo><cntorgp><cntorg>National Drought Mitigation Center</cntorg><cntper>Geospatial Analyst</cntper></cntorgp><cntvoice>402 472–6707</cntvoice><cntfax>402 472–2946</cntfax><cntemail>ndmc@unl.edu</cntemail><cntaddr><addrtype>mailing and physical address</addrtype><address>National Drought Mitigation Center
University of Nebraska-Lincoln
819 Hardin Hall
3310 Holdrege St.
P.O. Box 830988
Lincoln, NE 68583-0988</address><city>Lincoln</city><state>Nebraska</state><postal>68583–0988</postal><country>U.S.A.</country></cntaddr></cntinfo></proccont></procstep><procstep>Dissolve<procdesc>Shapefile from Process Merge dissolved based on 'DM' attribute field to produce one polygon per drought severity class.</procdesc><procdate>05/22/2013</procdate><proctime>3:25 PM</proctime><proccont><cntinfo><cntorgp><cntorg>National Drought Mitigation Center</cntorg><cntper>Geospatial Analyst</cntper></cntorgp><cntvoice>402 472–6707</cntvoice><cntfax>402 472–2946</cntfax><cntemail>ndmc@unl.edu</cntemail><cntaddr><addrtype>mailing and physical address</addrtype><address>National Drought Mitigation Center
University of Nebraska-Lincoln
819 Hardin Hall
3310 Holdrege St.
P.O. Box 830988
Lincoln, NE 68583-0988</address><city>Lincoln</city><state>Nebraska</state><postal>68583–0988</postal><country>U.S.A.</country></cntaddr></cntinfo></proccont></procstep><procstep>Clip<procdesc>Shapefile from Process Dissolve clipped to U.S. boundary (based on National Atlas County boundary). Boundary includes the contiguous U.S., Alaska, Hawaii and Puerto Rico.</procdesc><procdate>05/22/2013</procdate><proctime>3:25 PM</proctime><proccont><cntinfo><cntorgp><cntorg>National Drought Mitigation Center</cntorg><cntper>Geospatial Analyst</cntper></cntorgp><cntvoice>402 472–6707</cntvoice><cntfax>402 472–2946</cntfax><cntemail>ndmc@unl.edu</cntemail><cntaddr><addrtype>mailing and physical address</addrtype><address>National Drought Mitigation Center
University of Nebraska-Lincoln
819 Hardin Hall
3310 Holdrege St.
P.O. Box 830988
Lincoln, NE 68583-0988</address><city>Lincoln</city><state>Nebraska</state><postal>68583–0988</postal><country>U.S.A.</country></cntaddr></cntinfo></proccont></procstep><procstep>Project<procdesc>Shapefile from Process Clip reprojected to USA Contiguous Albers Equal Area Conic projection.</procdesc><procdate>05/22/2013</procdate><proctime>3:25 PM</proctime><proccont><cntinfo><cntorgp><cntorg>National Drought Mitigation Center</cntorg><cntper>Geospatial Analyst</cntper></cntorgp><cntvoice>402 472–6707</cntvoice><cntfax>402 472–2946</cntfax><cntemail>ndmc@unl.edu</cntemail><cntaddr><addrtype>mailing and physical address</addrtype><address>National Drought Mitigation Center
University of Nebraska-Lincoln
819 Hardin Hall
3310 Holdrege St.
P.O. Box 830988
Lincoln, NE 68583-0988</address><city>Lincoln</city><state>Nebraska</state><postal>68583–0988</postal><country>U.S.A.</country></cntaddr></cntinfo></proccont></procstep></lineage></dataqual></metadata>
