date,pm25,aqi,tweet_id
06-07-2012 09:00,44.0,115,210538446056460288
06-07-2012 08:00,38.0,105,210523346725642241
06-07-2012 07:00,45.0,117,210508249722662913
06-07-2012 06:00,49.0,123,210493147627786241
06-07-2012 05:00,50.0,125,210478048213073920
06-07-2012 04:00,56.0,135,210462948831936512
06-07-2012 03:00,49.0,123,210447849496907776
06-07-2012 02:00,43.0,113,210432749641801728
06-07-2012 01:00,50.0,125,210417662185062401
06-07-2012 00:00,48.0,121,210402573117702145
06-06-2012 23:00,56.0,135,210387462156066816
06-06-2012 22:00,59.0,140,210372361441120257
06-06-2012 21:00,50.0,125,210357262676525056
06-06-2012 20:00,45.0,117,210342167946870785
06-06-2012 19:00,49.0,123,210327069308092417
06-06-2012 18:00,46.0,118,210311972774883328
06-06-2012 17:00,168.0,218,210296860991176704
06-06-2012 16:00,212.0,262,210281761731657728
06-06-2012 15:00,204.0,254,210266668339961857
06-06-2012 14:00,203.0,253,210251562960949248
06-06-2012 13:00,205.0,255,210236481514643457
06-06-2012 12:00,189.0,239,210221364416741378
06-06-2012 11:00,191.0,241,210206264037343232
06-06-2012 10:00,193.0,243,210191160470290432
06-06-2012 09:00,194.0,244,210176065522507776
06-06-2012 08:00,167.0,217,210160966229442560
06-06-2012 07:00,148.0,199,210145866001027072
06-06-2012 06:00,130.0,188,210130766917681152
06-06-2012 05:00,122.0,184,210115664864755712
06-06-2012 04:00,141.0,195,210100864780742656
06-06-2012 03:00,148.0,199,210085469734711297
06-06-2012 02:00,219.0,269,210070368466120704
06-06-2012 01:00,237.0,287,210055285212057601
06-06-2012 00:00,199.0,249,210040190780178432
06-05-2012 23:00,166.0,216,210025073652932608
06-05-2012 22:00,135.0,191,210009974062059521
06-05-2012 21:00,57.0,136,209994876568354818
06-05-2012 20:00,46.0,118,209979774880317440
06-05-2012 19:00,54.0,131,209964706373435392
06-05-2012 18:00,52.0,128,209949572410249217
06-05-2012 17:00,47.0,120,209934473423355904
06-05-2012 16:00,20.0,62,209919373576650752
06-05-2012 15:00,8.0,26,209904273927061504
06-05-2012 14:00,8.0,26,209889179511955457
06-05-2012 13:00,5.0,16,209873979329093633
06-05-2012 12:00,6.0,19,209858976584704000
06-05-2012 11:00,13.0,42,209843876092055553
06-05-2012 10:00,15.0,49,209828776660578304
06-05-2012 09:00,42.0,112,209813677824688128
06-05-2012 08:00,76.0,157,209798570226876416
06-05-2012 07:00,87.0,163,209783471822995456
06-05-2012 06:00,88.0,164,209768415739650048
06-05-2012 05:00,97.0,169,209753271915642880
06-05-2012 04:00,109.0,176,209738193434722304
06-05-2012 03:00,86.0,163,209723081143496704
06-05-2012 02:00,72.0,155,209707982148222979
06-05-2012 01:00,70.0,154,209692899745607680
06-05-2012 00:00,69.0,153,209677805343088642
06-04-2012 23:00,56.0,135,209662687494414338
06-04-2012 22:00,47.0,120,209647593494548480
06-04-2012 21:00,52.0,128,209632486718840835
06-04-2012 20:00,61.0,143,209617391779454977
06-04-2012 19:00,74.0,156,209602287042179072
06-04-2012 18:00,62.0,144,209587188118204416
06-04-2012 17:00,66.0,151,209572093262704640
06-04-2012 16:00,75.0,156,209556999388676096
06-04-2012 15:00,118.0,181,209541886317314048
06-04-2012 14:00,154.0,204,209526787103928320
06-04-2012 13:00,143.0,196,209511750335332352
06-04-2012 12:00,141.0,195,209496587817332736
06-04-2012 11:00,135.0,191,209481489547673600
06-04-2012 10:00,148.0,199,209466389491224576
06-04-2012 09:00,164.0,214,209451287031447552
06-04-2012 08:00,167.0,217,209436187105034240
06-04-2012 07:00,161.0,211,209421095747588097
06-04-2012 06:00,146.0,197,209405983951306754
06-04-2012 05:00,141.0,195,209390922021076992
06-04-2012 04:00,139.0,193,209375787944652800
06-04-2012 03:00,140.0,194,209360693525348352
06-04-2012 02:00,135.0,191,209345595767394304
06-04-2012 01:00,120.0,182,209330493177606144
06-04-2012 00:00,95.0,168,209315407482466304
06-03-2012 23:00,80.0,159,209300298399875072
06-03-2012 22:00,84.0,162,209285210636947456
06-03-2012 21:00,92.0,166,209270099281055744
06-03-2012 20:00,63.0,146,209255013292322817
06-03-2012 19:00,57.0,136,209239899042361344
06-03-2012 18:00,41.0,110,209224797413056512
06-03-2012 17:00,39.0,107,209209697440505856
06-03-2012 16:00,59.0,140,209194598793359360
06-03-2012 15:00,261.0,311,209179526939426816
06-03-2012 14:00,216.0,266,209164407161372672
06-03-2012 13:00,206.0,256,209149315959099392
06-03-2012 12:00,238.0,288,209134221128777728
06-03-2012 11:00,246.0,296,209119107151446016
06-03-2012 10:00,242.0,292,209104003701817344
06-03-2012 09:00,239.0,289,209088909630644225
06-03-2012 08:00,237.0,287,209073803144347648
06-03-2012 07:00,244.0,294,209058702882390016
06-03-2012 06:00,248.0,298,209043601706065920
06-03-2012 05:00,233.0,283,209028501825798144
06-03-2012 04:00,207.0,257,209013403719696384
06-03-2012 03:00,175.0,225,208998306007875584
06-03-2012 02:00,178.0,228,208983208623214593
06-03-2012 01:00,168.0,218,208968136899301376
06-03-2012 00:00,159.0,209,208953028563320833
06-02-2012 23:00,146.0,197,208937980096819201
06-02-2012 22:00,130.0,188,208922841893187585
06-02-2012 21:00,117.0,181,208907754197364737
06-02-2012 20:00,95.0,168,208892674172919808
06-02-2012 19:00,71.0,154,208877543485476864
06-02-2012 18:00,67.0,152,208862431647244288
06-02-2012 17:00,63.0,146,208847315811835904
06-02-2012 16:00,62.0,144,208832215705075712
06-02-2012 15:00,63.0,146,208817125647855616
06-02-2012 14:00,69.0,153,208802040137269249
06-02-2012 13:00,108.0,176,208786949912276992
06-02-2012 12:00,143.0,196,208771823297511424
06-02-2012 11:00,158.0,208,208756750239801344
06-02-2012 10:00,168.0,218,208741614997348352
06-02-2012 09:00,185.0,235,208726514286592001
06-02-2012 08:00,180.0,230,208711407414419457
06-02-2012 07:00,189.0,239,208696309417381888
06-02-2012 06:00,155.0,205,208681208278810626
06-02-2012 05:00,145.0,197,208666116359331841
06-02-2012 04:00,141.0,195,208651012129566720
06-02-2012 03:00,143.0,196,208635920260407296
06-02-2012 02:00,149.0,199,208620820514349056
06-02-2012 01:00,144.0,196,208605771393536002
06-02-2012 00:00,143.0,196,208590625694683136
06-01-2012 23:00,151.0,201,208575528213553155
06-01-2012 22:00,152.0,202,208560449661317120
06-01-2012 21:00,138.0,193,208545333788155905
06-01-2012 20:00,121.0,183,208530230292389890
06-01-2012 19:00,115.0,180,208515141950652416
06-01-2012 18:00,108.0,176,208500024353624064
06-01-2012 17:00,83.0,161,208484938759147522
06-01-2012 16:00,71.0,154,208469829785616385
06-01-2012 15:00,66.0,151,208454727376183297
06-01-2012 14:00,52.0,128,208439628129243136
06-01-2012 13:00,55.0,133,208424526558662657
06-01-2012 12:00,55.0,133,208409427550801922
06-01-2012 11:00,55.0,133,208394327397904385
06-01-2012 10:00,55.0,133,208379229241491456
06-01-2012 09:00,54.0,131,208364128992100352
06-01-2012 08:00,53.0,130,208349022468050945
06-01-2012 07:00,55.0,133,208333926148734976
06-01-2012 06:00,65.0,149,208318823009484800
06-01-2012 05:00,58.0,138,208303729252896768
06-01-2012 04:00,57.0,136,208288630752546817
06-01-2012 03:00,63.0,146,208273532210253824
06-01-2012 02:00,55.0,133,208258464764538881
06-01-2012 01:00,51.0,126,208243336694337537
06-01-2012 00:00,50.0,125,208228239234174976
05-31-2012 23:00,40.0,108,208213143116201985
05-31-2012 22:00,50.0,125,208198054149492737
05-31-2012 21:00,48.0,121,208183443731918849
05-31-2012 20:00,43.0,113,208167847992639490
05-31-2012 19:00,46.0,118,208152749328699392
05-31-2012 18:00,37.0,103,208137661330898945
05-31-2012 17:00,51.0,126,208122539464069121
05-31-2012 16:00,43.0,113,208107446298877952
05-31-2012 15:00,38.0,105,208092342127824896
05-31-2012 14:00,37.0,103,208077237415706625
05-31-2012 13:00,53.0,130,208062145244577792
05-31-2012 12:00,68.0,152,208047039852969984
05-31-2012 11:00,87.0,163,208031938525671425
05-31-2012 10:00,80.0,159,208016853807800320
05-31-2012 09:00,88.0,164,208001740723863553
05-31-2012 08:00,82.0,161,207986644228374529
05-31-2012 07:00,103.0,173,207971540082503680
05-31-2012 06:00,115.0,180,207956441401802753
05-31-2012 05:00,122.0,184,207941341534109696
05-31-2012 04:00,80.0,159,207926250482843649
05-31-2012 03:00,71.0,154,207911142616596481
05-31-2012 02:00,60.0,141,207896056124555265
05-31-2012 01:00,67.0,152,207880952297435137
05-31-2012 00:00,68.0,152,207865850231918592
05-30-2012 23:00,43.0,113,207850749017849857
05-30-2012 22:00,29.0,84,207835756994117633
05-30-2012 21:00,27.0,79,207820554152054784
05-30-2012 20:00,16.0,52,207805451344158721
05-30-2012 19:00,9.0,29,207790364663365632
05-30-2012 18:00,15.0,49,207775265634533376
05-30-2012 17:00,14.0,45,207760157621497856
05-30-2012 16:00,12.0,39,207745054431903745
05-30-2012 15:00,10.0,32,207729967734333440
05-30-2012 14:00,11.0,36,207714854503579649
05-30-2012 13:00,8.0,26,207699776702128129
05-30-2012 12:00,6.0,19,207684681846628353
05-30-2012 11:00,6.0,19,207669556938944512
05-30-2012 10:00,5.0,16,207654461110353921
05-30-2012 09:00,5.0,16,207639351994232833
05-30-2012 08:00,6.0,19,207624252487245824
05-30-2012 07:00,9.0,29,207609165387010048
05-30-2012 06:00,14.0,45,207594050969272320
05-30-2012 05:00,14.0,45,207578951223230464
05-30-2012 04:00,18.0,57,207563854509645824
05-30-2012 03:00,12.0,39,207548755279486979
05-30-2012 02:00,16.0,52,207533658238758913
05-30-2012 01:00,8.0,26,207518595209633794
05-30-2012 00:00,11.0,36,207503505135644672
05-29-2012 23:00,15.0,49,207488389967130624
05-29-2012 22:00,26.0,77,207473288727904256
05-29-2012 21:00,22.0,67,207458260977074176
05-29-2012 20:00,15.0,49,207443072290791426
05-29-2012 19:00,15.0,49,207427978026692609
05-29-2012 18:00,18.0,57,207412861268537344
05-29-2012 17:00,26.0,77,207397787015454720
05-29-2012 16:00,33.0,94,207382659586998272
05-29-2012 15:00,76.0,157,207367564966371328
05-29-2012 14:00,105.0,174,207352462640824320
05-29-2012 13:00,93.0,167,207337362743758848
05-29-2012 12:00,99.0,170,207322262691516416
05-29-2012 11:00,104.0,173,207307164694478848
05-29-2012 10:00,99.0,170,207292064260562944
05-29-2012 09:00,96.0,169,207276965735051264
05-29-2012 08:00,102.0,172,207261861933105152
05-29-2012 07:00,94.0,167,207246758366023681
05-29-2012 06:00,86.0,163,207231658213130240
05-29-2012 05:00,101.0,171,207216571305820160
05-29-2012 04:00,96.0,169,207201463800311808
05-29-2012 03:00,94.0,167,207186422044704769
05-29-2012 02:00,97.0,169,207171280917639168
05-29-2012 01:00,89.0,165,207156214134620161
05-29-2012 00:00,94.0,167,207141074987253760
05-28-2012 23:00,134.0,191,207125979833966592
05-28-2012 22:00,150.0,200,207110878984814592
05-28-2012 20:00,125.0,185,207080712719962112
05-28-2012 19:00,104.0,173,207065575774633985
05-28-2012 18:00,82.0,161,207050485461553153
05-28-2012 17:00,87.0,163,207035377180098561
05-28-2012 16:00,105.0,174,207020272535089152
05-28-2012 15:00,144.0,196,207005183518052353
05-28-2012 14:00,152.0,202,206990075983175680
05-28-2012 13:00,149.0,199,206975059791843328
05-28-2012 12:00,143.0,196,206959950046576640
05-28-2012 11:00,136.0,192,206944927547006976
05-28-2012 10:00,130.0,188,206929699430076418
05-28-2012 09:00,125.0,185,206914592629194752
05-28-2012 07:00,137.0,192,206884464587046914
05-28-2012 06:00,146.0,197,206869304648531968
05-28-2012 05:00,137.0,192,206854171926867969
05-28-2012 04:00,125.0,185,206839127327522817
05-28-2012 03:00,135.0,191,206823974653534208
05-28-2012 02:00,133.0,190,206808893974777856
05-28-2012 01:00,120.0,182,206793788071481346
05-28-2012 00:00,124.0,185,206778690099613696
05-27-2012 23:00,139.0,193,206763606124138496
05-27-2012 22:00,158.0,208,206748512061366273
05-27-2012 21:00,152.0,202,206733405470212099
05-27-2012 20:00,138.0,193,206718288749789184
05-27-2012 19:00,140.0,194,206703190492725248
05-27-2012 18:00,151.0,201,206688088729194496
05-27-2012 17:00,149.0,199,206672989629067264
05-27-2012 16:00,144.0,196,206657894404456448
05-27-2012 15:00,136.0,192,206642880683573248
05-27-2012 14:00,133.0,190,206627684237852672
05-27-2012 13:00,147.0,198,206612583921360896
05-27-2012 12:00,162.0,212,206597485647503361
05-27-2012 11:00,134.0,191,206582385310052353
05-27-2012 10:00,105.0,174,206567285266186242
05-27-2012 09:00,104.0,173,206552186375766016
05-27-2012 08:00,101.0,171,206537079319040000
05-27-2012 07:00,84.0,162,206521979984027648
05-27-2012 06:00,80.0,159,206506880737083392
05-27-2012 05:00,79.0,159,206491776436015105
05-27-2012 04:00,77.0,158,206476683195318273
05-27-2012 03:00,63.0,146,206461894045876224
05-27-2012 02:00,58.0,138,206446502028115968
05-27-2012 01:00,53.0,130,206431391188131841
05-27-2012 00:00,54.0,131,206416311893499905
05-26-2012 23:00,56.0,135,206401201653297155
05-26-2012 22:00,43.0,113,206386096945373186
05-26-2012 21:00,28.0,82,206370996297531394
05-26-2012 20:00,36.0,102,206355892793384960
05-26-2012 19:00,31.0,89,206340796667019264
05-26-2012 18:00,31.0,89,206325693141876736
05-26-2012 17:00,32.0,92,206310594880618496
05-26-2012 16:00,39.0,107,206295499916054528
05-26-2012 15:00,27.0,79,206280396701319168
05-26-2012 14:00,46.0,118,206265300004507648
05-26-2012 13:00,67.0,152,206250198119366656
05-26-2012 12:00,75.0,156,206235098037747713
05-26-2012 11:00,104.0,173,206219997540913154
05-26-2012 10:00,122.0,184,206204897501265920
05-26-2012 09:00,129.0,188,206189797855858688
05-26-2012 08:00,156.0,206,206174696440475648
05-26-2012 07:00,146.0,197,206159591711576064
05-26-2012 06:00,144.0,196,206144492250734593
05-26-2012 05:00,138.0,193,206129393326751744
05-26-2012 04:00,95.0,168,206114293584904192
05-26-2012 03:00,93.0,167,206099205100552194
05-26-2012 02:00,98.0,170,206084104406564864
05-26-2012 01:00,98.0,170,206069004186550273
05-26-2012 00:00,99.0,170,206053905841405953
05-25-2012 23:00,98.0,170,206038817688395778
05-25-2012 22:00,83.0,161,206023708920381442
05-25-2012 21:00,63.0,146,206008607249145856
05-25-2012 20:00,42.0,112,205993509696704512
05-25-2012 19:00,39.0,107,205978404984590336
05-25-2012 18:00,31.0,89,205963305800581121
05-25-2012 17:00,27.0,79,205948206037729280
05-25-2012 16:00,63.0,146,205933114684473345
05-25-2012 15:00,66.0,151,205918188783939584
05-25-2012 14:00,73.0,155,205902991885221888
05-25-2012 13:00,72.0,155,205887808223719424
05-25-2012 12:00,49.0,123,205872706795737088
05-25-2012 11:00,48.0,121,205857608622538752
05-25-2012 10:00,39.0,107,205842511317581824
05-25-2012 09:00,22.0,67,205827411252740097
05-25-2012 08:00,22.0,67,205812306448363520
05-25-2012 07:00,15.0,49,205797206161227776
05-25-2012 06:00,30.0,87,205782118863867905
05-25-2012 05:00,48.0,121,205767191281410048
05-25-2012 04:00,48.0,121,205751913650724864
05-25-2012 03:00,70.0,154,205736808892473344
05-25-2012 02:00,84.0,162,205721717228843008
05-25-2012 01:00,91.0,166,205706616438390784
05-25-2012 00:00,69.0,153,205691516872695808
05-24-2012 23:00,56.0,135,205676515650842624
05-24-2012 22:00,31.0,89,205661325882433536
05-24-2012 21:00,19.0,60,205646242791948288
05-24-2012 20:00,16.0,52,205631119427776512
05-24-2012 19:00,17.0,55,205616024689721345
05-24-2012 18:00,19.0,60,205600957684387841
05-24-2012 17:00,6.0,19,205585821036855296
05-24-2012 16:00,6.0,19,205570721475346432
05-24-2012 15:00,8.0,26,205555621930606592
05-24-2012 14:00,6.0,19,205540525762293760
05-24-2012 13:00,10.0,32,205525423109570560
05-24-2012 12:00,No Reading,,205510321568354304
05-24-2012 11:07,No Data,,205495221562257408
05-24-2012 10:00,33.0,94,205480127113609216
05-24-2012 09:00,57.0,136,205465022518919170
05-24-2012 08:00,33.0,94,205449916011646977
05-24-2012 07:00,48.0,121,205434816714383361
05-24-2012 06:00,52.0,128,205419716326600707
05-24-2012 05:00,63.0,146,205404617339699200
05-24-2012 04:00,80.0,159,205389519476883456
05-24-2012 03:00,65.0,149,205374423660896258
05-24-2012 02:00,51.0,126,205359339110793216
05-24-2012 01:00,47.0,120,205344227079634945
05-24-2012 00:00,51.0,126,205329129086791680
05-23-2012 23:00,49.0,123,205314033920917505
05-23-2012 22:00,40.0,108,205298936179724288
05-23-2012 21:00,35.0,99,205283832348413952
05-23-2012 20:00,30.0,87,205268818510098433
05-23-2012 19:00,34.0,97,205253630448762881
05-23-2012 18:00,23.0,69,205238536482455552
05-23-2012 17:00,19.0,60,205223433938804736
05-23-2012 16:00,15.0,49,205208331692945409
05-23-2012 15:00,16.0,52,205193334954790912
05-23-2012 14:00,17.0,55,205178153575006208
05-23-2012 13:00,11.0,36,205163033620791296
05-23-2012 12:00,12.0,39,205147934227038209
05-23-2012 11:00,15.0,49,205132834757808128
05-23-2012 10:00,10.0,32,205117733493424128
05-23-2012 09:00,12.0,39,205102629410451457
05-23-2012 08:00,13.0,42,205087528615821313
05-23-2012 07:00,13.0,42,205072429989634048
05-23-2012 06:00,17.0,55,205057328230313984
05-23-2012 05:00,15.0,49,205042232619831297
05-23-2012 04:00,19.0,60,205027128377475072
05-23-2012 03:00,52.0,128,205012027884830720
05-23-2012 02:00,85.0,162,204996936724525056
05-23-2012 01:00,107.0,175,204981836097662977
05-23-2012 00:00,132.0,189,204966741309263874
05-22-2012 23:00,129.0,188,204951640661438464
05-22-2012 22:00,117.0,181,204936579184201728
05-22-2012 21:00,72.0,155,204921444088549378
05-22-2012 20:00,68.0,152,204906346934575104
05-22-2012 19:00,58.0,138,204891240112734208
05-22-2012 18:00,61.0,143,204876140337299456
05-22-2012 17:00,50.0,125,204861039387488256
05-22-2012 16:00,61.0,143,204845942321582081
05-22-2012 15:00,65.0,149,204830844538470401
05-22-2012 12:00,102.0,172,204786302728675329
05-22-2012 11:00,102.0,172,204771188306739201
05-22-2012 10:00,102.0,172,204756083506548736
05-22-2012 09:00,102.0,172,204740980199526401
05-22-2012 08:00,102.0,172,204725882026328064
05-22-2012 07:00,102.0,172,204710779772080128
05-22-2012 06:00,102.0,172,204695679845679104
05-22-2012 05:00,90.0,165,204680580997197825
05-22-2012 04:00,75.0,156,204665478910705664
05-22-2012 03:00,86.0,163,204650378103492611
05-22-2012 02:00,93.0,167,204635297936441346
05-22-2012 01:00,145.0,197,204620213000474624
05-22-2012 00:00,170.0,220,204605084414377984
05-21-2012 23:00,168.0,218,204589984886439936
05-21-2012 22:00,155.0,205,204574882472796160
05-21-2012 21:00,135.0,191,204559840209674240
05-21-2012 20:00,119.0,182,204544680430546944
05-21-2012 19:00,116.0,180,204529584962678784
05-21-2012 18:00,123.0,184,204514484990115840
05-21-2012 17:00,136.0,192,204499405489971201
05-21-2012 16:00,165.0,215,204484302069694464
05-21-2012 15:00,167.0,217,204469183147278336
05-21-2012 14:00,164.0,214,204454083829051392
05-21-2012 13:00,157.0,207,204438982728237056
05-21-2012 12:00,137.0,192,204423883443535872
05-19-2012 19:00,128.0,187,203804771012968449
05-19-2012 18:00,136.0,192,203789726925328384
05-19-2012 17:00,147.0,198,203774593285095424
05-19-2012 16:00,154.0,204,203759508785348608
05-19-2012 15:00,163.0,213,203744399463694336
05-19-2012 14:00,162.0,212,203729322442371072
05-19-2012 13:00,164.0,214,203714169718050816
05-19-2012 12:00,164.0,214,203699125500387329
05-19-2012 11:00,298.0,348,203683960654544897
05-19-2012 10:00,159.0,209,203668860740702208
05-19-2012 09:00,156.0,206,203653790824546304
05-19-2012 08:00,151.0,201,203638691762143232
05-19-2012 07:00,160.0,210,203623593454735361
05-19-2012 06:00,150.0,200,203608462528217088
05-19-2012 05:00,140.0,194,203593352803921921
05-19-2012 04:00,136.0,192,203578260750213120
05-19-2012 03:00,123.0,184,203563181770162177
05-19-2012 02:00,139.0,193,203548072360415235
05-19-2012 01:00,137.0,192,203533151287517185
05-18-2012 23:00,140.0,194,203502799533772801
05-18-2012 22:00,136.0,192,203487706989334530
05-18-2012 21:00,129.0,188,203472638264348672
05-18-2012 20:00,138.0,193,203457543715028992
05-18-2012 19:00,130.0,188,203442409919610880
05-18-2012 18:00,122.0,184,203427277105676290
05-18-2012 17:00,108.0,176,203412216861569024
05-18-2012 16:00,125.0,185,203397081698803712
05-18-2012 15:00,127.0,186,203381968489029632
05-18-2012 14:00,134.0,191,203366850992685056
05-18-2012 13:00,136.0,192,203351920121880577
05-18-2012 12:00,106.0,174,203336829636837376
05-18-2012 11:00,107.0,175,203321715391082497
05-18-2012 10:00,85.0,162,203306615225581568
05-18-2012 09:00,72.0,155,203291527223582721
05-18-2012 08:00,69.0,153,203276418107453440
05-18-2012 07:00,67.0,152,203261306969653249
05-18-2012 06:00,55.0,133,203246217700974593
05-18-2012 05:00,52.0,128,203231132991500288
05-18-2012 04:00,45.0,117,203216007068790785
05-18-2012 03:00,35.0,99,203200911206653952
05-18-2012 02:00,28.0,82,203185838262194176
05-18-2012 01:00,32.0,92,203170763195420674
05-18-2012 00:00,34.0,97,203155637717307395
05-17-2012 23:00,27.0,79,203140575548022784
05-17-2012 22:00,27.0,79,203125509603852288
05-17-2012 21:00,27.0,79,203110400844234753
05-17-2012 20:00,25.0,74,203095272702746624
05-17-2012 19:00,42.0,112,203080140392120320
05-17-2012 18:00,50.0,125,203065029149462528
05-17-2012 17:00,54.0,131,203049908259913729
05-17-2012 16:00,85.0,162,203034826641649664
05-17-2012 15:00,67.0,152,203019720406994945
05-17-2012 14:00,66.0,151,203004621130711040
05-17-2012 13:00,92.0,166,202989506276765697
05-17-2012 12:00,79.0,159,202974405675073537
05-17-2012 11:00,102.0,172,202959304964308992
05-17-2012 10:00,87.0,163,202944208217178112
05-17-2012 09:00,73.0,155,202929115949568001
05-17-2012 08:00,73.0,155,202914018120318976
05-17-2012 07:00,58.0,138,202898908932874240
05-17-2012 06:00,47.0,120,202883795278512128
05-17-2012 05:00,50.0,125,202868702440460288
05-17-2012 04:00,58.0,138,202853639658815488
05-17-2012 03:00,44.0,115,202838514994397184
05-17-2012 02:00,36.0,102,202823417068666880
05-17-2012 01:00,40.0,108,202808303007449088
05-17-2012 00:00,38.0,105,202793234068545537
05-16-2012 23:00,28.0,82,202778155256250368
05-16-2012 22:00,32.0,92,202763015458791425
05-16-2012 21:00,38.0,105,202748269774913536
05-16-2012 20:00,32.0,92,202732827979157504
05-16-2012 19:00,27.0,79,202717703671267328
05-16-2012 18:00,25.0,74,202702597239476224
05-16-2012 17:00,33.0,94,202687512999768064
05-16-2012 16:00,28.0,82,202672451195375617
05-16-2012 15:00,30.0,87,202657296453615616
05-16-2012 14:00,22.0,67,202642196476862464
05-16-2012 13:00,24.0,72,202627107208167424
05-16-2012 12:00,18.0,57,202611997672615937
05-16-2012 11:00,22.0,67,202596997310578688
05-16-2012 10:00,20.0,62,202581816396353537
05-16-2012 09:00,25.0,74,202566698686103553
05-16-2012 08:00,19.0,60,202551689830604801
05-16-2012 07:00,15.0,49,202536571629608960
05-16-2012 06:00,15.0,49,202521493345804290
05-16-2012 05:00,18.0,57,202506287878127617
05-16-2012 04:00,44.0,115,202491187184148480
05-16-2012 03:00,43.0,113,202476102487244800
05-16-2012 02:00,32.0,92,202461012283244545
05-16-2012 01:00,51.0,126,202445908879753217
05-16-2012 00:00,40.0,108,202430839752114176
05-15-2012 23:00,31.0,89,202416115706642432
05-15-2012 22:00,36.0,102,202400794744590337
05-15-2012 21:00,22.0,67,202385830742982656
05-15-2012 20:00,12.0,39,202370498636681217
05-15-2012 19:00,19.0,60,202355349141987329
05-15-2012 18:00,16.0,52,202340423073673216
05-15-2012 17:00,22.0,67,202325134445527042
05-15-2012 16:00,16.0,52,202310026273099776
05-15-2012 15:00,28.0,82,202295009976922112
05-15-2012 14:00,37.0,103,202279835987492864
05-15-2012 13:00,38.0,105,202264784022929408
05-15-2012 12:00,27.0,79,202249601615536129
05-15-2012 11:00,42.0,112,202234629896409089
05-15-2012 10:00,38.0,105,202219744236019714
05-15-2012 09:00,33.0,94,202204281942720512
05-15-2012 08:00,37.0,103,202189199162605568
05-15-2012 07:00,41.0,110,202174074208796672
05-15-2012 06:00,51.0,126,202158976425664512
05-15-2012 05:00,51.0,126,202143931763408896
05-15-2012 04:00,46.0,118,202128853458616320
05-15-2012 03:00,47.0,120,202113672393392129
05-15-2012 02:00,36.0,102,202098594742943745
05-15-2012 01:00,44.0,115,202083491326861315
05-15-2012 00:00,43.0,113,202068381195706371
05-14-2012 23:00,37.0,103,202053320859324416
05-14-2012 22:00,37.0,103,202038235021586432
05-14-2012 21:00,26.0,77,202023136668024834
05-14-2012 20:00,15.0,49,202007980697333762
05-14-2012 19:00,14.0,45,201992891676106752
05-14-2012 18:00,15.0,49,201977788822065153
05-14-2012 17:00,16.0,52,201962692385312768
05-14-2012 16:00,30.0,87,201947590294642688
05-14-2012 15:00,33.0,94,201932483850289152
05-14-2012 14:00,37.0,103,201917372301451264
05-14-2012 13:00,50.0,125,201902273985646592
05-14-2012 12:00,52.0,128,201887170817048578
05-14-2012 11:00,53.0,130,201872070047563776
05-14-2012 10:00,52.0,128,201856969852731393
05-14-2012 09:00,26.0,77,201841883004153857
05-14-2012 08:00,31.0,89,201826773707657216
05-14-2012 07:00,61.0,143,201811660367859712
05-14-2012 06:00,71.0,154,201796580880297984
05-14-2012 05:00,69.0,153,201781475006361601
05-14-2012 04:00,69.0,153,201766396164702208
05-14-2012 03:00,70.0,154,201751273689714688
05-14-2012 02:00,70.0,154,201736205463859201
05-14-2012 01:00,83.0,161,201721111149428737
05-14-2012 00:00,96.0,169,201706059432341506
05-13-2012 23:00,99.0,170,201690870465036290
05-13-2012 22:00,94.0,167,201675816483033088
05-13-2012 21:00,164.0,214,201660909628817409
05-13-2012 20:00,84.0,162,201645602176647168
05-13-2012 19:00,78.0,158,201630546340749312
05-13-2012 18:00,84.0,162,201615385571758080
05-13-2012 17:00,55.0,133,201600302271578112
05-13-2012 16:00,66.0,151,201585210377240577
05-13-2012 15:00,100.0,171,201570073876496384
05-13-2012 14:00,103.0,173,201554973299978240
05-13-2012 13:00,124.0,185,201539898019287041
05-13-2012 12:00,194.0,244,201524755969490945
05-13-2012 11:00,191.0,241,201509823077023744
05-13-2012 05:00,170.0,220,201419306511249408
05-13-2012 03:00,157.0,207,201388850252226561
05-13-2012 02:00,138.0,193,201373763051323394
05-13-2012 01:00,121.0,183,201358658121109505
05-12-2012 23:00,122.0,184,201328476404461568
05-12-2012 22:00,124.0,185,201313382605922305
05-12-2012 21:00,85.0,162,201298308931649537
05-12-2012 20:00,83.0,161,201283240579956736
05-12-2012 19:00,80.0,159,201268061926457344
05-12-2012 18:00,87.0,163,201252954462883840
05-12-2012 17:00,78.0,158,201237919745318912
05-12-2012 16:00,29.0,84,201222816627044353
05-12-2012 15:00,28.0,82,201208320575549440
05-12-2012 14:00,38.0,105,201192560889311232
05-12-2012 13:00,51.0,126,201177469208899586
05-12-2012 12:00,56.0,135,201162379369783296
05-12-2012 11:00,135.0,191,201147243481411584
05-12-2012 10:00,153.0,203,201132142493827072
05-12-2012 09:00,149.0,199,201117041594347520
05-12-2012 08:00,141.0,195,201101950245273600
05-12-2012 07:00,128.0,187,201086842580369409
05-12-2012 06:00,131.0,189,201071751864647680
05-12-2012 05:00,123.0,184,201056633894342657
05-12-2012 04:00,124.0,185,201041542968905728
05-12-2012 03:00,139.0,193,201026438948859905
05-12-2012 02:00,143.0,196,201011356655292418
05-12-2012 01:00,152.0,202,200996238143913984
05-12-2012 00:00,138.0,193,200981178663186432
05-11-2012 23:00,138.0,193,200966049829617665
05-11-2012 22:00,137.0,192,200950964759445505
05-11-2012 21:00,149.0,199,200935851889405954
05-11-2012 20:00,148.0,199,200920746128715776
05-11-2012 19:00,153.0,203,200905635859136516
05-11-2012 18:00,152.0,202,200890621907578882
05-11-2012 17:00,144.0,196,200875765003333633
05-11-2012 16:00,143.0,196,200860406565179392
05-11-2012 14:00,122.0,184,200830130254385152
05-11-2012 13:00,116.0,180,200815217897259008
05-11-2012 12:00,123.0,184,200800102300925953
05-11-2012 11:00,126.0,186,200785002089287681
05-11-2012 10:00,128.0,187,200769902024458241
05-11-2012 09:00,137.0,192,200754812881616896
05-11-2012 08:00,153.0,203,200739694382813184
05-11-2012 07:00,144.0,196,200724593273606144
05-11-2012 06:00,141.0,195,200709492407664640
05-11-2012 05:00,152.0,202,200694410747461632
05-11-2012 04:00,153.0,203,200679292198326272
05-11-2012 03:00,207.0,257,200664192917848065
05-11-2012 02:00,263.0,313,200649097408032769
05-11-2012 01:00,265.0,315,200634021456261120
05-11-2012 00:00,247.0,297,200618913397080064
05-10-2012 22:00,209.0,259,200588715259731969
05-10-2012 21:00,204.0,254,200573906686443520
05-10-2012 20:00,152.0,202,200558504283611136
05-10-2012 19:00,164.0,214,200543389786189824
05-10-2012 18:00,161.0,211,200528290551836672
05-10-2012 16:00,172.0,222,200498105718804480
05-10-2012 15:00,171.0,221,200483000981524480
05-10-2012 14:00,165.0,215,200467887624945664
05-10-2012 12:00,166.0,216,200437699662979073
05-10-2012 11:00,160.0,210,200422601384923137
05-10-2012 10:00,164.0,214,200407526825660417
05-10-2012 09:00,166.0,216,200392390299746304
05-10-2012 08:00,168.0,218,200377301966405634
05-10-2012 07:00,195.0,245,200362196948090880
05-10-2012 06:00,312.0,362,200347082593271808
05-10-2012 05:00,184.0,234,200331985133113344
05-10-2012 04:00,166.0,216,200316893880524800
05-10-2012 03:00,163.0,213,200301787364864000
05-10-2012 02:00,153.0,203,200286683915235328
05-10-2012 01:00,142.0,195,200271593539239936
05-10-2012 00:00,148.0,199,200256481889746944
05-09-2012 23:00,125.0,185,200241398568595457
05-09-2012 22:00,131.0,189,200226290152898560
05-09-2012 21:00,96.0,169,200211265543618560
05-09-2012 20:00,91.0,166,200196101297537024
05-09-2012 19:00,82.0,161,200180978260508673
05-09-2012 18:00,79.0,159,200165878497689601
05-09-2012 17:00,102.0,172,200150776738361345
05-09-2012 16:00,124.0,185,200135697175281664
05-09-2012 15:00,65.0,149,200120576122167296
05-09-2012 14:00,75.0,156,200105491718864896
05-09-2012 13:00,99.0,170,200090388432826368
05-09-2012 12:00,146.0,197,200075276145786881
05-09-2012 11:00,146.0,197,200060174680080387
05-09-2012 10:00,124.0,185,200045103602073600
05-09-2012 09:00,154.0,204,200029979344510977
05-09-2012 08:00,166.0,216,200014932635422722
05-09-2012 06:00,108.0,176,199984841079537664
05-09-2012 05:00,105.0,174,199969581773754368
05-09-2012 04:00,99.0,170,199954474930937857
05-09-2012 03:00,105.0,174,199939405987844099
05-09-2012 02:00,136.0,192,199924269566791680
05-09-2012 01:00,95.0,168,199909171322302464
05-08-2012 22:00,84.0,162,199863899045113856
05-08-2012 21:00,80.0,159,199848828214579202
05-08-2012 20:00,69.0,153,199833693714530304
05-08-2012 19:00,57.0,136,199818565224898561
05-08-2012 18:00,71.0,154,199803464560295938
05-08-2012 17:00,71.0,154,199788362616414208
05-08-2012 16:00,73.0,155,199773281379811328
05-08-2012 15:00,73.0,155,199758177192001536
05-08-2012 14:00,83.0,161,199743078582599680
05-08-2012 13:00,81.0,160,199727987682320385
05-08-2012 12:00,100.0,171,199712872593498112
05-08-2012 11:00,109.0,176,199697763427041281
05-08-2012 10:00,112.0,178,199682672254128128
05-08-2012 09:00,120.0,182,199667573510508544
05-08-2012 08:00,135.0,191,199652467925987329
05-08-2012 07:00,91.0,166,199637358436560896
05-08-2012 06:00,99.0,170,199622276616957955
05-08-2012 05:00,76.0,157,199607157908443136
05-08-2012 04:00,78.0,158,199592072540463105
05-08-2012 03:00,77.0,158,199576971653545985
05-08-2012 02:00,59.0,140,199561861480456192
05-08-2012 01:00,65.0,149,199546755719774208
05-08-2012 00:00,71.0,154,199531668585971714
05-07-2012 22:00,98.0,170,199501487251009537
05-07-2012 21:00,113.0,178,199486426381950976
05-07-2012 20:00,134.0,191,199471265025765376
05-07-2012 19:00,146.0,197,199456159839694848
05-07-2012 18:00,110.0,177,199441051252035584
05-07-2012 17:00,96.0,169,199425949824073728
05-07-2012 16:00,105.0,174,199410872261681152
05-07-2012 15:00,97.0,169,199395770246500352
05-07-2012 14:00,76.0,157,199380656902520833
05-07-2012 13:00,75.0,156,199365567491215361
05-07-2012 12:00,87.0,163,199350524712194048
05-07-2012 11:00,64.0,148,199335359648251905
05-07-2012 10:00,76.0,157,199320335978467328
05-07-2012 08:00,84.0,162,199290082035908608
05-07-2012 07:00,78.0,158,199274985032921088
05-07-2012 06:00,76.0,157,199259850750959616
05-07-2012 05:00,98.0,170,199244795795869697
05-07-2012 04:00,73.0,155,199229688625893377
05-07-2012 01:00,57.0,136,199184441371930624
05-07-2012 00:00,57.0,136,199169267042750464
05-06-2012 23:00,58.0,138,199154339560960001
05-06-2012 21:00,79.0,159,199124009160425472
05-06-2012 20:00,95.0,168,199108854976491520
05-06-2012 19:00,136.0,192,199093785651724289
05-06-2012 18:00,141.0,195,199078661989732352
05-06-2012 17:00,180.0,230,199063568426078208
05-06-2012 15:00,113.0,178,199033349749227520
05-06-2012 14:00,96.0,169,199018242759602177
05-06-2012 13:00,284.0,334,199003146389954560
05-06-2012 12:00,110.0,177,198988036963434497
05-06-2012 11:00,132.0,189,198972936483385348
05-06-2012 10:00,118.0,181,198957843091693570
05-06-2012 09:00,100.0,171,198942734206255104
05-06-2012 08:00,102.0,172,198927634904780800
05-06-2012 07:00,90.0,165,198912533237727232
05-06-2012 06:00,104.0,173,198897433902723072
05-06-2012 05:00,79.0,159,198882332881584130
05-06-2012 04:00,80.0,159,198867234075058176
05-06-2012 03:00,70.0,154,198852132684836866
05-06-2012 02:00,62.0,144,198837030837424129
05-06-2012 01:00,61.0,143,198821932760698880
05-06-2012 00:00,68.0,152,198806830900723713
05-05-2012 23:00,66.0,151,198791731536347136
05-05-2012 22:00,50.0,125,198776627893768192
05-05-2012 21:00,43.0,113,198761591041294337
05-05-2012 20:00,46.0,118,198746427042693120
05-05-2012 19:00,121.0,183,198731328835948544
05-05-2012 18:00,205.0,255,198716227634479104
05-05-2012 17:00,286.0,336,198701125275353089
05-05-2012 16:00,212.0,262,198686048908353537
05-05-2012 15:00,47.0,120,198670926630498304
05-05-2012 14:00,39.0,107,198655831607214080
05-05-2012 13:00,87.0,163,198640735199830016
05-05-2012 12:00,98.0,170,198625623378362369
05-05-2012 11:00,32.0,92,198610524022386690
05-05-2012 10:00,107.0,175,198595424418922497
05-05-2012 09:00,72.0,155,198580321942376449
05-05-2012 08:00,108.0,176,198565222355714050
05-05-2012 07:00,89.0,165,198550119413596163
05-05-2012 06:00,94.0,167,198535035689762817
05-05-2012 05:00,85.0,162,198519921339146242
05-05-2012 04:00,69.0,153,198504819558858754
05-05-2012 03:00,76.0,157,198489720458715136
05-05-2012 02:00,150.0,200,198474619336925184
05-05-2012 01:00,77.0,158,198459520375209985
05-05-2012 00:00,50.0,125,198444420276817921
05-04-2012 23:00,45.0,117,198429318068707329
05-04-2012 22:00,116.0,180,198414215495684097
05-04-2012 21:00,217.0,267,198399145726324736
05-04-2012 20:00,116.0,180,198384015496052736
05-04-2012 19:00,98.0,170,198368919080275969
05-04-2012 16:00,126.0,186,198323638791966720
05-04-2012 15:00,126.0,186,198308515448750081
05-04-2012 14:00,137.0,192,198293415530733569
05-04-2012 13:00,152.0,202,198278489823125504
05-04-2012 12:00,145.0,197,198263381889789952
05-04-2012 11:00,130.0,188,198248282202456064
05-04-2012 10:00,133.0,190,198233186847830016
05-04-2012 09:00,134.0,191,198218082152480768
05-04-2012 08:00,82.0,161,198202979789189120
05-04-2012 07:00,84.0,162,198187879460114432
05-04-2012 06:00,90.0,165,198172782067056640
05-04-2012 05:00,128.0,187,198157682283261952
05-04-2012 04:00,132.0,189,198142578946883584
05-04-2012 03:00,128.0,187,198127489871118336
05-04-2012 02:00,123.0,184,198112391035240448
05-04-2012 01:00,106.0,174,198097278739808258
05-04-2012 00:00,99.0,170,198082353619406849
05-03-2012 23:00,101.0,171,198067080292089857
05-03-2012 22:00,91.0,166,198051978272710656
05-03-2012 21:00,49.0,123,198036936827473921
05-03-2012 20:00,19.0,60,198021774632419328
05-03-2012 19:00,26.0,77,198006674513068032
05-03-2012 18:00,18.0,57,197991574775406594
05-03-2012 17:00,9.0,29,197976470906351616
05-03-2012 16:00,45.0,117,197961395042648065
05-03-2012 15:00,49.0,123,197946273763041280
05-03-2012 14:00,46.0,118,197931176718106624
05-03-2012 13:00,60.0,141,197916070512828417
05-03-2012 12:00,57.0,136,197900996150702081
05-03-2012 11:00,64.0,148,197885868839669761
05-03-2012 10:00,57.0,136,197870769760518144
05-03-2012 09:00,70.0,154,197855670513582080
05-03-2012 08:00,61.0,143,197840568414507008
05-03-2012 07:00,58.0,138,197825487345684480
05-03-2012 06:00,80.0,159,197810373041192960
05-03-2012 05:00,85.0,162,197795273517441025
05-03-2012 04:00,112.0,178,197780171804250112
05-03-2012 03:00,140.0,194,197765073073217536
05-03-2012 02:00,139.0,193,197749971846569984
05-03-2012 01:00,146.0,197,197734882795986945
05-03-2012 00:00,126.0,186,197719771972771841
05-02-2012 23:00,119.0,182,197704989580328960
05-02-2012 22:00,114.0,179,197689664587567104
05-02-2012 21:00,98.0,170,197674697746419713
05-02-2012 20:00,90.0,165,197659469994393600
05-02-2012 18:00,68.0,152,197629169348255744
05-02-2012 17:00,72.0,155,197614064862633985
05-02-2012 16:00,90.0,165,197598987623211009
05-02-2012 15:00,106.0,174,197583866305855488
05-02-2012 14:00,85.0,162,197568766480101377
05-02-2012 13:00,91.0,166,197553666801152000
05-02-2012 12:00,118.0,181,197538570565713921
05-02-2012 11:00,127.0,186,197523471939551232
05-02-2012 10:00,124.0,185,197508372654858240
05-02-2012 09:00,119.0,182,197493269691760641
05-02-2012 08:00,120.0,182,197478179659718656
05-02-2012 07:00,119.0,182,197463083923406848
05-02-2012 06:00,115.0,180,197448008810500096
05-02-2012 05:00,100.0,171,197432862897745922
05-02-2012 04:00,91.0,166,197417869414379520
05-02-2012 03:00,78.0,158,197402663153967105
05-02-2012 02:00,72.0,155,197387574539587586
05-02-2012 01:00,75.0,156,197372553495461888
05-02-2012 00:00,74.0,156,197357360040259585
05-01-2012 23:00,80.0,159,197342272705138689
05-01-2012 22:00,78.0,158,197327171096813570
05-01-2012 21:00,121.0,183,197312181426069505
05-01-2012 20:00,112.0,178,197296970237362176
05-01-2012 19:00,85.0,162,197281905429848065
05-01-2012 18:00,78.0,158,197266766391541760
05-01-2012 17:00,137.0,192,197251661872373760
05-01-2012 16:00,156.0,206,197236562117931008
05-01-2012 15:00,199.0,249,197221455266721792
05-01-2012 14:00,199.0,249,197206356481163264
05-01-2012 13:00,298.0,348,197191255158030336
05-01-2012 12:00,280.0,330,197176205668130818
05-01-2012 11:00,192.0,242,197161053807849473
05-01-2012 10:00,163.0,213,197145972940353536
05-01-2012 09:00,173.0,223,197130881071202304
05-01-2012 08:00,186.0,236,197115750899646464
05-01-2012 07:00,227.0,277,197100664998985728
05-01-2012 06:00,215.0,265,197085563231281152
05-01-2012 05:00,204.0,254,197070457093107712
05-01-2012 04:00,210.0,260,197055375030222848
05-01-2012 03:00,243.0,293,197040263347179522
05-01-2012 02:00,259.0,309,197025165039779840
05-01-2012 01:00,257.0,307,197010090363064320
05-01-2012 00:00,267.0,317,196994973680410625
04-30-2012 23:00,286.0,336,196979860806180864
04-30-2012 22:00,256.0,306,196964755771105283
04-30-2012 21:00,247.0,297,196949759842467840
04-30-2012 20:00,227.0,277,196934549727485952
04-30-2012 19:00,204.0,254,196919484362129408
04-30-2012 18:00,189.0,239,196904348603777024
04-30-2012 17:00,162.0,212,196889250858401792
04-30-2012 16:00,155.0,205,196874162189508608
04-30-2012 15:00,151.0,201,196859045381029888
04-30-2012 14:00,168.0,218,196843949531480064
04-30-2012 13:00,184.0,234,196828846656462848
04-30-2012 12:00,179.0,229,196813754581790721
04-30-2012 11:00,183.0,233,196798641653026816
04-30-2012 10:00,174.0,224,196783565713846272
04-30-2012 09:00,312.0,362,196768440747429890
04-30-2012 08:00,166.0,216,196753349859753985
04-30-2012 07:00,144.0,196,196738242530390016
04-30-2012 06:00,122.0,184,196723138824900610
04-30-2012 05:00,115.0,180,196708098092699649
04-30-2012 04:00,111.0,177,196692941174095873
04-30-2012 03:00,108.0,176,196677837015621632
04-30-2012 02:00,107.0,175,196662774565322753
04-30-2012 01:00,112.0,178,196647637238292480
04-30-2012 00:00,121.0,183,196632571927470080
04-29-2012 23:00,168.0,218,196617436794073088
04-29-2012 22:00,170.0,220,196602366970175489
04-29-2012 21:00,162.0,212,196587347339513856
04-29-2012 20:00,176.0,226,196572134863142913
04-29-2012 19:00,130.0,188,196557027634458624
04-29-2012 18:00,120.0,182,196541922813296640
04-29-2012 17:00,127.0,186,196526844034551808
04-29-2012 16:00,141.0,195,196511755441147905
04-29-2012 15:00,142.0,195,196496631212933120
04-29-2012 14:00,166.0,216,196481530024046592
04-29-2012 13:00,190.0,240,196466439543209984
04-29-2012 12:00,200.0,250,196451328816463874
04-29-2012 11:00,220.0,270,196436239585521664
04-29-2012 10:00,205.0,255,196421127990546433
04-29-2012 09:00,205.0,255,196406172457246721
04-29-2012 08:00,198.0,248,196390939181326337
04-29-2012 07:00,198.0,248,196375834859282433
04-29-2012 06:00,224.0,274,196360749474516992
04-29-2012 05:00,184.0,234,196345638445789185
04-29-2012 04:00,194.0,244,196330550074679296
04-29-2012 03:00,190.0,240,196315462437568514
04-29-2012 02:00,195.0,245,196300335889907713
04-29-2012 01:00,201.0,251,196285418734501888
04-29-2012 00:00,203.0,253,196270133432426496
04-28-2012 23:00,182.0,232,196255024127549442
04-28-2012 22:00,183.0,233,196239952424603650
04-28-2012 21:00,188.0,238,196224990763425792
04-28-2012 20:00,160.0,210,196209734737608706
04-28-2012 19:00,113.0,178,196194651634544640
04-28-2012 18:00,97.0,169,196179532082987008
04-28-2012 17:00,98.0,170,196164419737235456
04-28-2012 16:00,114.0,179,196149337330417665
04-28-2012 15:00,136.0,192,196134230995111936
04-28-2012 14:00,106.0,174,196119133220388864
04-28-2012 13:00,90.0,165,196104017175261184
04-28-2012 12:00,83.0,161,196088942263676928
04-28-2012 11:00,70.0,154,196073821629972480
04-28-2012 10:00,79.0,159,196058716230004738
04-28-2012 09:00,90.0,165,196043818393538560
04-28-2012 08:00,98.0,170,196028519023775744
04-28-2012 07:00,108.0,176,196013413955141635
04-28-2012 06:00,108.0,176,195998325202362369
04-28-2012 05:00,135.0,191,195983247094718465
04-28-2012 04:00,141.0,195,195968169708490753
04-28-2012 03:00,107.0,175,195953030737313792
04-28-2012 02:00,72.0,155,195938135585202176
04-28-2012 01:00,46.0,118,195923283055607808
04-27-2012 22:00,30.0,87,195877896441704448
04-27-2012 21:00,28.0,82,195862572405243905
04-27-2012 20:00,30.0,87,195847354379808771
04-27-2012 19:00,27.0,79,195832208785801216
04-27-2012 18:00,30.0,87,195817108175724545
04-27-2012 17:00,27.0,79,195802375422877696
04-27-2012 16:00,29.0,84,195786924626149376
04-27-2012 14:00,21.0,65,195756715638132736
04-27-2012 11:00,55.0,133,195711571442401280
04-27-2012 10:00,99.0,170,195696486036684800
04-27-2012 09:00,126.0,186,195681370843000832
04-27-2012 08:00,107.0,175,195666266982330368
04-27-2012 07:00,114.0,179,195651166795857920
04-27-2012 06:00,108.0,176,195636066760404992
04-27-2012 05:00,112.0,178,195620967345684481
04-27-2012 04:00,134.0,191,195605864911085569
04-27-2012 03:00,148.0,199,195590800971800576
04-27-2012 02:00,160.0,210,195576054612635649
04-27-2012 01:00,152.0,202,195560568072052736
04-27-2012 00:00,143.0,196,195545509136568320
04-26-2012 23:00,176.0,226,195530377790631936
04-26-2012 22:00,163.0,213,195515271400787968
04-26-2012 21:00,144.0,196,195500230580514819
04-26-2012 20:00,78.0,158,195485169640153088
04-26-2012 19:00,72.0,155,195470073329238016
04-26-2012 18:00,65.0,149,195454873041506306
04-26-2012 17:00,53.0,130,195439758883827712
04-26-2012 16:00,62.0,144,195424728222150657
04-26-2012 15:00,76.0,157,195409571710373888
04-26-2012 14:00,76.0,157,195394457644969984
04-26-2012 13:00,83.0,161,195379362021908481
04-26-2012 12:00,88.0,164,195364258538729473
04-26-2012 11:00,65.0,149,195349158520041472
04-26-2012 10:00,53.0,130,195334057964486657
04-26-2012 09:00,48.0,121,195319102947074048
04-26-2012 08:00,51.0,126,195303877501927427
04-26-2012 07:00,50.0,125,195288771703488512
04-26-2012 06:00,75.0,156,195273655582851072
04-26-2012 05:00,81.0,160,195258554897285121
04-26-2012 04:00,62.0,144,195243454073282561
04-26-2012 03:00,35.0,99,195228352980844544
04-26-2012 02:00,28.0,82,195213266102910977
04-26-2012 01:00,34.0,97,195198153182547969
04-26-2012 00:00,45.0,117,195183058247360513
04-25-2012 23:00,120.0,182,195167956370604032
04-25-2012 22:00,69.0,153,195152872726470657
04-25-2012 21:00,37.0,103,195137788650328064
04-25-2012 20:00,6.0,19,195122721783414784
04-25-2012 19:00,4.0,13,195107549882753025
04-25-2012 18:00,8.0,26,195092462916730880
04-25-2012 17:00,11.0,36,195077363053240321
04-25-2012 16:00,12.0,39,195062295989190656
04-25-2012 15:00,15.0,49,195047161040338944
04-25-2012 14:00,13.0,42,195032053979414529
04-25-2012 13:00,17.0,55,195016947279212544
04-25-2012 12:00,15.0,49,195001846086115328
04-25-2012 10:00,18.0,57,194971646644338689
04-25-2012 09:00,11.0,36,194956564816330752
04-25-2012 08:00,10.0,32,194941445105385472
04-25-2012 07:00,11.0,36,194926353538224128
04-25-2012 06:00,11.0,36,194911257688670209
04-25-2012 05:00,11.0,36,194896164842254336
04-25-2012 04:00,12.0,39,194881043831074819
04-25-2012 03:00,9.0,29,194865941207715840
04-25-2012 02:00,9.0,29,194850841709129728
04-25-2012 01:00,11.0,36,194835744232181760
04-25-2012 00:00,13.0,42,194820675272314880
04-24-2012 23:00,14.0,45,194805565518659586
04-24-2012 22:00,29.0,84,194790449788104704
04-24-2012 21:00,46.0,118,194775381092470785
04-24-2012 20:00,43.0,113,194760238233169920
04-24-2012 19:00,41.0,110,194745145680330754
04-24-2012 18:00,45.0,117,194730038803972096
04-24-2012 17:00,35.0,99,194714948016939009
04-24-2012 16:00,38.0,105,194699871037558784
04-24-2012 15:00,37.0,103,194684746264092673
04-24-2012 14:00,48.0,121,194669666453565440
04-24-2012 13:00,44.0,115,194654535531233280
04-24-2012 12:00,34.0,97,194639445885063168
04-24-2012 11:00,40.0,108,194624336043315201
04-24-2012 10:00,60.0,141,194609227174649856
04-24-2012 09:00,132.0,189,194594126535208960
04-24-2012 08:00,187.0,237,194579026663309312
04-24-2012 07:00,179.0,229,194563928532062211
04-24-2012 06:00,173.0,223,194548828718903296
04-24-2012 05:00,174.0,224,194533724799508480
04-24-2012 04:00,195.0,245,194518625326088193
04-24-2012 03:00,207.0,257,194503523021488129
04-24-2012 02:00,208.0,258,194488422956670978
04-24-2012 01:00,183.0,233,194473322384326656
04-24-2012 00:00,157.0,207,194458221925253120
04-23-2012 23:00,268.0,318,194443121382273024
04-23-2012 22:00,307.0,357,194428024760963072
04-23-2012 21:00,298.0,348,194413270944317440
04-23-2012 20:00,303.0,353,194397821640781825
04-23-2012 19:00,288.0,338,194382722460954624
04-23-2012 18:00,280.0,330,194367631447437312
04-23-2012 17:00,277.0,327,194352518392848385
04-23-2012 16:00,272.0,322,194337441623179264
04-23-2012 15:00,268.0,318,194322319408234496
04-23-2012 14:00,278.0,328,194307220459106304
04-23-2012 13:00,279.0,329,194292118355845124
04-23-2012 12:00,281.0,331,194277038243332096
04-23-2012 11:00,266.0,316,194261952376213507
04-23-2012 10:00,258.0,308,194246823660101633
04-23-2012 09:00,248.0,298,194231716242665475
04-23-2012 08:00,230.0,280,194216627410173954
04-23-2012 07:00,235.0,285,194201514246537217
04-23-2012 06:00,222.0,272,194186414341095424
04-23-2012 05:00,190.0,240,194171314909622272
04-23-2012 04:00,188.0,238,194156213632647168
04-23-2012 03:00,191.0,241,194141134837129217
04-23-2012 02:00,203.0,253,194126023397351425
04-23-2012 01:00,199.0,249,194110911714299904
04-23-2012 00:00,217.0,267,194095813343973376
04-22-2012 23:00,245.0,295,194080711987314690
04-22-2012 22:00,257.0,307,194065615043035137
04-22-2012 21:00,247.0,297,194050540911591425
04-22-2012 20:00,235.0,285,194035411503419392
04-22-2012 19:00,216.0,266,194020312231329792
04-22-2012 18:00,201.0,251,194005210002243585
04-22-2012 17:00,195.0,245,193990106556792832
04-22-2012 16:00,160.0,210,193975027778060289
04-22-2012 15:00,172.0,222,193959913872031744
04-22-2012 14:00,162.0,212,193944810653093888
04-22-2012 13:00,167.0,217,193929707731959808
04-22-2012 12:00,167.0,217,193914605427363840
04-22-2012 11:00,160.0,210,193899508919312385
04-22-2012 10:00,144.0,196,193884403213152257
04-22-2012 09:00,132.0,189,193869312992354304
04-22-2012 08:00,115.0,180,193854202668261377
04-22-2012 07:00,113.0,178,193839102393716737
04-22-2012 06:00,116.0,180,193824012005150721
04-22-2012 05:00,115.0,180,193808901618139136
04-22-2012 04:00,116.0,180,193793802627072002
04-22-2012 03:00,131.0,189,193778700586713088
04-22-2012 02:00,143.0,196,193763598705766401
04-22-2012 01:00,157.0,207,193748507277000704
04-22-2012 00:00,150.0,200,193733399981195267
04-21-2012 23:00,147.0,198,193718299492753408
04-21-2012 22:00,161.0,211,193703204817608704
04-21-2012 21:00,192.0,242,193688127141974016
04-21-2012 20:00,200.0,250,193672996760719361
04-21-2012 19:00,185.0,235,193657897224372224
04-21-2012 18:00,159.0,209,193642796270362625
04-21-2012 17:00,149.0,199,193627694393602048
04-21-2012 16:00,156.0,206,193612616441147392
04-21-2012 15:00,185.0,235,193597494880505857
04-21-2012 14:00,202.0,252,193582393867780096
04-21-2012 13:00,206.0,256,193567292808892416
04-21-2012 12:00,181.0,231,193552193746518016
04-21-2012 11:00,155.0,205,193537092318539778
04-21-2012 10:00,168.0,218,193521992920600578
04-21-2012 09:00,155.0,205,193506891018682368
04-21-2012 08:00,154.0,204,193491790840602624
04-21-2012 07:00,184.0,234,193476689962086400
04-21-2012 06:00,185.0,235,193461590396383233
04-21-2012 05:00,167.0,217,193446487609442304
04-21-2012 04:00,147.0,198,193431398919569408
04-21-2012 03:00,151.0,201,193416291363733504
04-21-2012 02:00,148.0,199,193401214086553600
04-21-2012 01:00,142.0,195,193386089002704896
04-21-2012 00:00,129.0,188,193370988396810240
04-20-2012 23:00,100.0,171,193355894128513024
04-20-2012 22:00,82.0,161,193340791698096129
04-20-2012 21:00,98.0,170,193325685136310272
04-20-2012 20:00,118.0,181,193310590800900096
04-20-2012 19:00,110.0,177,193295486940229632
04-20-2012 18:00,89.0,165,193280384295895040
04-20-2012 17:00,65.0,149,193265615891472385
04-20-2012 16:00,90.0,165,193250206287003648
04-20-2012 15:00,149.0,199,193235083140935680
04-20-2012 14:00,177.0,227,193219980786008064
04-20-2012 13:00,205.0,255,193205051160928256
04-20-2012 12:00,194.0,244,193189950336933888
04-20-2012 11:00,172.0,222,193174850083373056
04-20-2012 10:00,157.0,207,193159749162893314
04-20-2012 09:00,143.0,196,193144646355005440
04-20-2012 08:00,149.0,199,193129600581251073
04-20-2012 07:00,185.0,235,193114536084111360
04-20-2012 06:00,183.0,233,193099393778466816
04-20-2012 05:00,176.0,226,193084264181547008
04-20-2012 04:00,183.0,233,193069181384671234
04-20-2012 03:00,169.0,219,193054134017081344
04-20-2012 02:00,174.0,224,193039005737160705
04-20-2012 01:00,170.0,220,193023875515293698
04-20-2012 00:00,164.0,214,193008785252564993
04-19-2012 23:00,159.0,209,192993675029118976
04-19-2012 22:00,157.0,207,192978556136071169
04-19-2012 21:00,151.0,201,192963482902204416
04-19-2012 20:00,148.0,199,192948376139079681
04-19-2012 19:00,152.0,202,192933287516311552
04-19-2012 18:00,158.0,208,192918166953926656
04-19-2012 17:00,156.0,206,192903063718203393
04-19-2012 16:00,154.0,204,192887970242641920
04-19-2012 15:00,139.0,193,192872872488878080
04-19-2012 14:00,125.0,185,192857856423366656
04-19-2012 13:00,122.0,184,192842742756409344
04-19-2012 12:00,102.0,172,192827603042844672
04-19-2012 11:00,102.0,172,192812488046280705
04-19-2012 10:00,109.0,176,192797377290182658
04-19-2012 08:00,97.0,169,192767193082118146
04-19-2012 07:00,85.0,162,192752075703201792
04-19-2012 06:00,77.0,158,192736967304294401
04-19-2012 05:00,69.0,153,192721872566231040
04-19-2012 04:00,61.0,143,192706768424546304
04-19-2012 03:00,59.0,140,192691676278566912
04-19-2012 02:00,70.0,154,192676645214232576
04-19-2012 01:00,59.0,140,192661466892075009
04-19-2012 00:00,50.0,125,192646362460983300
04-18-2012 23:00,51.0,126,192631295698944000
04-18-2012 22:00,73.0,155,192616175937650688
04-18-2012 21:00,229.0,279,192601151865233408
04-18-2012 20:00,225.0,275,192585961861943296
04-18-2012 19:00,221.0,271,192570883506831361
04-18-2012 18:00,219.0,269,192555805587935232
04-18-2012 17:00,222.0,272,192540647515889664
04-18-2012 16:00,213.0,263,192525572755292160
04-18-2012 15:00,202.0,252,192510466562605056
04-18-2012 14:00,178.0,228,192495395417501696
04-18-2012 12:00,160.0,210,192465335734124544
04-18-2012 11:00,155.0,205,192450929407176706
04-18-2012 10:00,145.0,197,192435006155657216
04-18-2012 09:00,142.0,195,192420042061778945
04-18-2012 08:00,144.0,196,192404853107081217
04-18-2012 07:00,140.0,194,192389780573650945
04-18-2012 06:00,141.0,195,192374567426207744
04-18-2012 05:00,140.0,194,192359476064567296
04-18-2012 04:00,138.0,193,192344365945987072
04-18-2012 03:00,136.0,192,192329298051477505
04-18-2012 02:00,121.0,183,192314236318396416
04-18-2012 01:00,113.0,178,192299108504047617
04-18-2012 00:00,105.0,174,192283948058021890
04-17-2012 23:00,108.0,176,192268871552606210
04-17-2012 22:00,116.0,180,192253862504177664
04-17-2012 21:00,127.0,186,192238791426195458
04-17-2012 20:00,164.0,214,192223530266529793
04-17-2012 19:00,184.0,234,192208671445491713
04-17-2012 18:00,163.0,213,192193378895671296
04-17-2012 17:00,136.0,192,192178290428084224
04-17-2012 16:00,168.0,218,192163159484801024
04-17-2012 15:00,235.0,285,192148054097403904
04-17-2012 14:00,121.0,183,192132962039504896
04-17-2012 13:00,138.0,193,192117873580318720
04-17-2012 12:00,128.0,187,192102769677705216
04-17-2012 11:00,127.0,186,192087712034062338
04-17-2012 10:00,130.0,188,192072550799523841
04-17-2012 09:00,108.0,176,192057457688838144
04-17-2012 08:00,101.0,171,192042388905144321
04-17-2012 07:00,95.0,168,192027245920006145
04-17-2012 06:00,90.0,165,192012152561864705
04-17-2012 05:00,90.0,165,191997226132844546
04-17-2012 04:00,86.0,163,191981934430261248
04-17-2012 03:00,80.0,159,191966853327884288
04-16-2012 23:00,61.0,143,191906473813610496
04-16-2012 22:00,63.0,146,191891440861839360
04-16-2012 21:00,56.0,135,191876352809508867
04-16-2012 20:00,56.0,135,191861201725173760
04-16-2012 19:00,48.0,121,191846236494635008
04-16-2012 18:00,38.0,105,191830993404051456
04-16-2012 17:00,47.0,120,191815845876477953
04-16-2012 16:00,40.0,108,191800800064970752
04-16-2012 10:00,22.0,67,191711813476421632
04-16-2012 09:00,22.0,67,191698485937049600
04-16-2012 08:00,15.0,49,191680458512277504
04-15-2012 23:10,0.0,0,191544031061352449
04-15-2012 22:10,0.0,0,191528962168598529
04-15-2012 21:10,0.0,0,191513905296707584
04-15-2012 20:10,0.0,0,191498714353909762
04-15-2012 19:10,0.0,0,191483662745870337
04-15-2012 18:10,0.0,0,191468562685239296
04-15-2012 17:10,0.0,0,191453577464659968
04-15-2012 16:10,0.0,0,191438308138684416
04-15-2012 14:10,0.0,0,191408090988548097
04-15-2012 13:10,0.0,0,191393003489861632
04-15-2012 12:10,0.0,0,191377886354223104
04-15-2012 11:10,0.0,0,191362804584943616
04-15-2012 10:10,0.0,0,191347684689444864
04-15-2012 09:10,0.0,0,191332586671456257
04-15-2012 08:10,0.0,0,191317500154232832
04-15-2012 07:10,0.0,0,191302383278637056
04-15-2012 05:10,0.0,0,191272181769056256
04-15-2012 03:10,0.0,0,191241987708567553
04-15-2012 00:00,79.0,159,191196691452542978
04-14-2012 17:10,0.0,0,191090977681842177
04-14-2012 16:10,0.0,0,191075909397250048
04-14-2012 15:10,0.0,0,191060781796818944
04-14-2012 14:10,0.0,0,191045693761273856
04-14-2012 13:10,0.0,0,191030577049247746
04-14-2012 12:10,0.0,0,191015478171402241
04-14-2012 11:10,0.0,0,191000379440381952
04-14-2012 10:10,0.0,0,190985280344424448
04-14-2012 09:10,0.0,0,190970177372954625
04-14-2012 08:10,0.0,0,190955178470551552
04-14-2012 07:10,0.0,0,190940003373809665
04-14-2012 06:10,0.0,0,190924988583378944
04-14-2012 05:10,0.0,0,190909794419351553
04-14-2012 04:10,0.0,0,190894695101108225
04-14-2012 00:00,50.0,125,190834287908622336
04-13-2012 16:10,0.0,0,190713515399593985
04-13-2012 15:10,0.0,0,190698391343349760
04-13-2012 14:10,0.0,0,190683269593964544
04-13-2012 13:00,46.0,118,190668360172847105
04-13-2012 13:00,0.0,0,190668354665721857
04-13-2012 12:00,58.0,138,190653240050860033
04-13-2012 12:00,0.0,0,190653234912825346
04-13-2012 11:00,85.0,162,190638138299924480
04-13-2012 11:00,0.0,0,190638133140914176
04-13-2012 10:00,86.0,163,190623060477485056
04-13-2012 10:00,0.0,0,190623051774296065
04-13-2012 09:00,91.0,166,190607958424551424
04-13-2012 09:00,0.0,0,190607952607064064
04-13-2012 08:00,91.0,166,190592851233619970
04-13-2012 08:00,0.0,0,190592836121534464
04-13-2012 07:00,90.0,165,190577741538656257
04-13-2012 07:00,0.0,0,190577735830224896
04-13-2012 06:00,63.0,146,190562657529626624
04-13-2012 06:00,0.0,0,190562650667753472
04-13-2012 05:00,89.0,165,190547566339952640
04-13-2012 05:00,0.0,0,190547560857997313
04-13-2012 04:00,77.0,158,190532468091265024
04-13-2012 04:00,0.0,0,190532462047264768
04-13-2012 03:00,80.0,159,190517349445677056
04-13-2012 03:00,0.0,0,190517342210494465
04-13-2012 02:00,84.0,162,190502251415093250
04-13-2012 01:00,56.0,135,190487136678584324
04-13-2012 00:00,51.0,126,190472097544421377
04-12-2012 23:00,33.0,94,190456974197010432
04-12-2012 22:00,28.0,82,190441894092877824
04-12-2012 21:00,29.0,84,190426816392081409
04-12-2012 20:00,19.0,60,190411669451702274
04-12-2012 19:00,10.0,32,190396549791092737
04-12-2012 18:00,17.0,55,190381431703339008
04-12-2012 17:00,18.0,57,190366328887058432
04-12-2012 16:00,24.0,72,190351251697967104
04-12-2012 15:00,22.0,67,190336146671288321
04-12-2012 14:00,13.0,42,190321040910581760
04-12-2012 13:00,22.0,67,190305948307439616
04-12-2012 12:00,16.0,52,190290847328251904
04-12-2012 11:00,22.0,67,190275733791309824
04-12-2012 10:00,40.0,108,190260663275372544
04-12-2012 10:00,0.0,0,190260657277509633
04-12-2012 09:00,13.0,42,190245551080603648
04-12-2012 09:00,0.0,0,190245545435082752
04-12-2012 08:00,47.0,120,190230570213707776
04-12-2012 08:00,0.0,0,190230564601729024
04-12-2012 07:00,68.0,152,190215328511438848
04-12-2012 07:00,0.0,0,190215322731675649
04-12-2012 06:00,57.0,136,190200242124242944
04-12-2012 06:00,0.0,0,190200236709384193
04-12-2012 05:00,46.0,118,190185143015718912
04-12-2012 05:00,0.0,0,190185137575698432
04-12-2012 04:00,49.0,123,190170030053396480
04-12-2012 04:00,0.0,0,190170022893727744
04-12-2012 03:00,33.0,94,190154926402437120
04-12-2012 03:00,0.0,0,190154920865968128
04-12-2012 02:00,51.0,126,190139826346000384
04-12-2012 01:00,52.0,128,190124770954706946
04-12-2012 00:00,45.0,117,190109639088676865
04-11-2012 23:00,39.0,107,190094550407200768
04-11-2012 22:00,40.0,108,190079468805697536
04-11-2012 21:00,32.0,92,190064341603725314
04-11-2012 20:00,22.0,67,190049223281082369
04-11-2012 19:00,43.0,113,190034144254894080
04-11-2012 18:00,8.0,26,190019048782839808
04-11-2012 17:00,9.0,29,190003931307442177
04-11-2012 16:00,15.0,49,189988841971650560
04-11-2012 15:00,18.0,57,189973736307425280
04-11-2012 15:00,0.0,0,189973730133426177
04-11-2012 14:00,14.0,45,189958648905216000
04-11-2012 14:00,0.0,0,189958643645550592
04-11-2012 13:00,14.0,45,189943542301458432
04-11-2012 13:00,0.0,0,189943537104728064
04-11-2012 12:00,14.0,45,189928418169733120
04-11-2012 12:00,0.0,0,189928412801024001
04-11-2012 11:00,15.0,49,189913330029305857
04-11-2012 11:00,0.0,0,189913314669768708
04-11-2012 10:00,29.0,84,189898247786086402
04-11-2012 10:00,0.0,0,189898241951793153
04-11-2012 09:00,10.0,32,189883118713450496
04-11-2012 09:00,0.0,0,189883113135013888
04-11-2012 08:00,10.0,32,189868033391607809
04-11-2012 08:00,0.0,0,189868027968356352
04-11-2012 07:00,8.0,26,189852929145061376
04-11-2012 07:00,0.0,0,189852923289796608
04-11-2012 06:00,7.0,23,189837818753855489
04-11-2012 06:00,0.0,0,189837813154463745
04-11-2012 05:00,6.0,19,189822716025638912
04-11-2012 05:00,0.0,0,189822710325583872
04-11-2012 04:00,9.0,29,189807646298226689
04-11-2012 03:00,12.0,39,189792532421541888
04-11-2012 02:00,13.0,42,189777432881012736
04-11-2012 01:00,38.0,105,189762354886619136
04-10-2012 23:00,55.0,133,189732148658454528
04-10-2012 22:00,51.0,126,189717445240553473
04-10-2012 21:00,32.0,92,189701963292753920
04-10-2012 20:00,32.0,92,189686841006501888
04-10-2012 19:00,38.0,105,189671730892115969
04-10-2012 17:00,50.0,125,189641531387424768
04-10-2012 16:00,56.0,135,189626430710231040
04-10-2012 15:00,56.0,135,189611308302352384
04-10-2012 14:00,54.0,131,189596236167397376
04-10-2012 13:00,60.0,141,189581131329454081
04-10-2012 12:00,62.0,144,189566047614021632
04-10-2012 11:00,50.0,125,189550943107420160
04-10-2012 10:00,45.0,117,189535837195747328
04-10-2012 09:00,41.0,110,189520761042644992
04-10-2012 08:00,68.0,152,189505634545311744
04-10-2012 07:00,72.0,155,189490512049352706
04-10-2012 06:00,94.0,167,189475569275113472
04-10-2012 05:00,104.0,173,189460327824490496
04-10-2012 04:00,107.0,175,189445218670616576
04-10-2012 03:00,101.0,171,189430117553025024
04-10-2012 02:00,91.0,166,189415026556272641
04-10-2012 01:00,80.0,159,189399954794614784
04-09-2012 23:00,91.0,166,189369807127322625
04-09-2012 22:00,79.0,159,189354657968177152
04-09-2012 21:00,73.0,155,189339529432403969
04-09-2012 20:00,70.0,154,189324511580135424
04-09-2012 19:00,90.0,165,189309328409374721
04-09-2012 18:00,108.0,176,189294267322212352
04-09-2012 17:00,99.0,170,189279150241091585
04-09-2012 16:00,119.0,182,189264029431234560
04-09-2012 16:00,0.0,0,189264020879065088
04-09-2012 15:00,138.0,193,189248911792275456
04-09-2012 15:00,0.0,0,189248906343878656
04-09-2012 14:00,163.0,213,189233826558513152
04-09-2012 14:00,0.0,0,189233820946538498
04-09-2012 13:00,160.0,210,189218705543135232
04-09-2012 13:00,0.0,0,189218700077957120
04-09-2012 12:00,171.0,221,189203644200128512
04-09-2012 12:00,0.0,0,189203627301285888
04-09-2012 11:00,170.0,220,189188563970170880
04-09-2012 11:00,0.0,0,189188555162136577
04-09-2012 10:00,183.0,233,189173451662172161
04-09-2012 10:00,0.0,0,189173445974704129
04-09-2012 09:10,0.0,0,189158310782574592
04-09-2012 08:00,164.0,214,189143191029690369
04-09-2012 08:00,0.0,0,189143185535152128
04-09-2012 07:00,164.0,214,189128100687261697
04-09-2012 07:00,0.0,0,189128095041716224
04-09-2012 06:00,150.0,200,189113015789027328
04-09-2012 06:00,0.0,0,189113010332241920
04-09-2012 05:00,148.0,199,189097909436940288
04-09-2012 04:00,111.0,177,189082822697431041
04-09-2012 03:00,100.0,171,189067726537490434
04-09-2012 02:00,80.0,159,189052663579672576
04-09-2012 01:00,79.0,159,189037528391749632
04-08-2012 23:00,49.0,123,189007337112076289
04-08-2012 22:00,47.0,120,188992251676999680
04-08-2012 21:00,31.0,89,188977150278381568
04-08-2012 20:00,27.0,79,188962041669746688
04-08-2012 19:00,16.0,52,188946924261486592
04-08-2012 18:00,17.0,55,188931814839164928
04-08-2012 17:00,66.0,151,188916743962492929
04-08-2012 16:00,22.0,67,188901623832133632
04-08-2012 15:00,23.0,69,188886526137077760
04-08-2012 14:00,23.0,69,188871576941371394
04-08-2012 13:00,18.0,57,188856542299295744
04-08-2012 11:00,42.0,112,188826116771950592
04-08-2012 10:00,91.0,166,188811024676290561
04-08-2012 07:00,35.0,99,188765668420755456
04-08-2012 07:00,0.0,0,188765663807025153
04-08-2012 06:00,0.0,0,188750578992689152
04-08-2012 05:00,49.0,123,188735491573686272
04-08-2012 05:00,0.0,0,188735485844271106
04-08-2012 04:00,92.0,166,188720388384104449
04-08-2012 04:00,0.0,0,188720383153803265
04-08-2012 03:00,93.0,167,188705318606344192
04-08-2012 03:00,0.0,0,188705313321517056
04-08-2012 02:10,0.0,0,188690196852776960
04-08-2012 01:10,0.0,0,188675069684367360
04-08-2012 00:10,0.0,0,188659976636604417
04-07-2012 17:10,0.0,0,188554267303485441
04-07-2012 16:10,0.0,0,188539198771437568
04-07-2012 15:10,0.0,0,188524153828163585
04-07-2012 14:10,0.0,0,188509034511466496
04-07-2012 13:10,0.0,0,188493872651968512
04-07-2012 11:10,0.0,0,188463689161117696
04-07-2012 10:10,0.0,0,188448577956220928
04-07-2012 09:10,0.0,0,188433524943093760
04-07-2012 08:10,0.0,0,188418362584481792
04-07-2012 07:10,0.0,0,188403284988526592
04-07-2012 06:10,0.0,0,188388196118298626
04-07-2012 05:10,0.0,0,188373059831476224
04-07-2012 04:10,0.0,0,188357960391589888
04-07-2012 03:10,0.0,0,188342890244751360
04-07-2012 02:10,0.0,0,188327759444054017
04-07-2012 01:10,0.0,0,188312655767928834
04-07-2012 00:10,0.0,0,188297563928133632
04-06-2012 23:10,0.0,0,188282471060742144
04-06-2012 17:00,20.0,62,188191948404822016
04-06-2012 15:10,0.0,0,188161645711851521
04-06-2012 14:10,0.0,0,188146550269149184
04-06-2012 13:00,35.0,99,188131613685710849
04-06-2012 13:00,0.0,0,188131609105543169
04-06-2012 12:00,37.0,103,188116513318903809
04-06-2012 12:00,0.0,0,188116508604506112
04-06-2012 11:00,37.0,103,188101412998221824
04-06-2012 11:00,0.0,0,188101408199938048
04-06-2012 10:00,49.0,123,188086312463630336
04-06-2012 10:00,0.0,0,188086307556294656
04-06-2012 09:00,51.0,126,188071212868571136
04-06-2012 09:00,0.0,0,188071207906713600
04-06-2012 08:00,44.0,115,188056112736641031
04-06-2012 08:00,0.0,0,188056108076773376
04-06-2012 07:00,38.0,105,188041010968928257
04-06-2012 07:00,0.0,0,188041006330036225
04-06-2012 06:00,37.0,103,188025913026420736
04-06-2012 06:00,0.0,0,188025908257497088
04-06-2012 05:00,36.0,102,188010812680572928
04-06-2012 03:00,17.0,55,187980612458651648
04-06-2012 02:00,20.0,62,187965510095355904
04-06-2012 01:00,20.0,62,187950410135371776
04-06-2012 00:00,15.0,49,187935312876539905
04-05-2012 23:00,15.0,49,187920323574898689
04-05-2012 22:00,27.0,79,187905151858774019
04-05-2012 21:00,13.0,42,187890046366519297
04-05-2012 20:00,12.0,39,187874928345882626
04-05-2012 19:00,16.0,52,187859808907558912
04-05-2012 18:00,13.0,42,187844707030794240
04-05-2012 17:00,17.0,55,187829605682528257
04-05-2012 16:00,17.0,55,187814527927197696
04-05-2012 16:00,0.0,0,187814517357559809
04-05-2012 14:00,25.0,74,187784528339804161
04-05-2012 14:00,0.0,0,187784522652336130
04-05-2012 13:00,22.0,67,187769206580850688
04-05-2012 13:00,0.0,0,187769201656725504
04-05-2012 12:00,31.0,89,187754114141257728
04-05-2012 12:00,0.0,0,187754109351362560
04-05-2012 11:00,13.0,42,187739005805277184
04-05-2012 11:00,0.0,0,187739000084238337
04-05-2012 10:00,13.0,42,187723901508390913
04-05-2012 10:00,0.0,0,187723896806572032
04-05-2012 09:00,14.0,45,187708805503660033
04-05-2012 09:00,0.0,0,187708800839598081
04-05-2012 08:00,17.0,55,187693702100156416
04-05-2012 08:00,0.0,0,187693697406742530
04-05-2012 07:00,8.0,26,187678709787017217
04-05-2012 07:00,0.0,0,187678703168393218
04-05-2012 06:00,12.0,39,187663504407408640
04-05-2012 06:00,0.0,0,187663499864965120
04-05-2012 05:00,11.0,36,187648508906577923
04-05-2012 05:00,0.0,0,187648503139405824
04-05-2012 04:00,9.0,29,187633319633100801
04-05-2012 04:00,0.0,0,187633314755125248
04-05-2012 03:00,11.0,36,187618211678789632
04-05-2012 03:00,0.0,0,187618207102808064
04-05-2012 02:00,23.0,69,187603121206341632
04-05-2012 01:00,22.0,67,187587998358056961
04-05-2012 00:00,19.0,60,187572912339943425
04-04-2012 23:00,11.0,36,187557993104154625
04-04-2012 22:00,11.0,36,187542759614324737
04-04-2012 21:00,11.0,36,187527627026866178
04-04-2012 20:00,10.0,32,187512548499787776
04-04-2012 19:00,11.0,36,187497401521680385
04-04-2012 18:00,11.0,36,187482298449543168
04-04-2012 17:00,10.0,32,187467208836915200
04-04-2012 16:00,18.0,57,187452131257757696
04-04-2012 15:00,22.0,67,187437001283354624
04-04-2012 14:00,18.0,57,187421893698138112
04-04-2012 13:00,14.0,45,187406811220017152
04-04-2012 12:00,21.0,65,187391694138916864
04-04-2012 11:00,21.0,65,187376592870309888
04-04-2012 10:00,22.0,67,187361493682094080
04-04-2012 09:00,32.0,92,187346402278514688
04-04-2012 08:00,11.0,36,187331312808509441
04-04-2012 07:00,10.0,32,187316195744157696
04-04-2012 06:00,19.0,60,187301273396191232
04-04-2012 05:00,30.0,87,187286013524193280
04-04-2012 04:00,9.0,29,187270931020922880
04-04-2012 04:00,0.0,0,187270926327484416
04-04-2012 03:00,9.0,29,187255788761391104
04-04-2012 03:00,0.0,0,187255783996661760
04-04-2012 02:00,25.0,74,187240689145356289
04-04-2012 02:00,0.0,0,187240684242214912
04-04-2012 01:00,25.0,74,187225588036141057
04-04-2012 01:00,0.0,0,187225583019769858
04-04-2012 00:00,18.0,57,187210597614628864
04-04-2012 00:00,0.0,0,187210591918755843
04-03-2012 23:00,25.0,74,187195478012739584
04-03-2012 23:00,0.0,0,187195472581103616
04-03-2012 22:00,27.0,79,187180316513927168
04-03-2012 22:00,0.0,0,187180308129517568
04-03-2012 21:00,15.0,49,187165211571130368
04-03-2012 21:00,0.0,0,187165206605086720
04-03-2012 20:00,19.0,60,187150091210072065
04-03-2012 19:00,18.0,57,187134986506346496
04-03-2012 18:00,10.0,32,187119886265352193
04-03-2012 17:00,27.0,79,187104783130312705
04-03-2012 17:00,0.0,0,187104778466242560
04-03-2012 16:00,32.0,92,187089707186929664
04-03-2012 16:00,0.0,0,187089698865422338
04-03-2012 15:00,35.0,99,187074585177501698
04-03-2012 15:00,0.0,0,187074580249190400
04-03-2012 14:00,39.0,107,187059482742882304
04-03-2012 14:00,0.0,0,187059477915238400
04-03-2012 13:00,24.0,72,187044385316274176
04-03-2012 13:00,0.0,0,187044376663429120
04-03-2012 12:00,34.0,97,187029281174589440
04-03-2012 12:00,0.0,0,187029276325982210
04-03-2012 11:00,28.0,82,187014181105577984
04-03-2012 11:00,0.0,0,187014176240185345
04-03-2012 10:00,26.0,77,186999092675739648
04-03-2012 10:00,0.0,0,186999087881658369
04-03-2012 09:00,24.0,72,186983979797323776
04-03-2012 09:00,0.0,0,186983974982270976
04-03-2012 08:00,20.0,62,186968880655253504
04-03-2012 08:00,0.0,0,186968875525607424
04-03-2012 07:00,32.0,92,186953787469086720
04-03-2012 07:00,0.0,0,186953774298968064
04-03-2012 06:00,17.0,55,186938679208583168
04-03-2012 06:00,0.0,0,186938674255106048
04-03-2012 05:00,15.0,49,186923578506227712
04-03-2012 05:00,0.0,0,186923573674385410
04-03-2012 04:00,8.0,26,186908478625947650
04-03-2012 04:00,0.0,0,186908473638916098
04-03-2012 03:00,7.0,23,186893377739038721
04-03-2012 03:00,0.0,0,186893372974309377
04-03-2012 02:00,8.0,26,186878277460295680
04-03-2012 02:00,0.0,0,186878272498442240
04-03-2012 01:00,10.0,32,186863177315786754
04-03-2012 01:00,0.0,0,186863172488146944
04-03-2012 00:00,11.0,36,186848082254757889
04-03-2012 00:00,0.0,0,186848076936392704
04-02-2012 23:00,11.0,36,186832980654817281
04-02-2012 23:00,0.0,0,186832975537766400
04-02-2012 22:00,11.0,36,186817908578586624
04-02-2012 22:00,0.0,0,186817898185113600
04-02-2012 21:00,12.0,39,186802778901987328
04-02-2012 21:00,0.0,0,186802773973671937
04-02-2012 20:00,63.0,146,186787678476439552
04-02-2012 20:00,0.0,0,186787673518780417
04-02-2012 19:00,61.0,143,186772587509063680
04-02-2012 19:00,0.0,0,186772582714974210
04-02-2012 18:00,55.0,133,186757474131517443
04-02-2012 18:00,0.0,0,186757469580697600
04-02-2012 17:00,58.0,138,186742373089411072
04-02-2012 17:00,0.0,0,186742368253386752
04-02-2012 16:00,64.0,148,186727303454277632
04-02-2012 16:00,0.0,0,186727294805606400
04-02-2012 15:00,55.0,133,186712171286237184
04-02-2012 15:00,0.0,0,186712166576037888
04-02-2012 14:00,52.0,128,186697070609039361
04-02-2012 14:00,0.0,0,186697065768816640
04-02-2012 13:00,48.0,121,186681971144015872
04-02-2012 13:00,0.0,0,186681966110838784
04-02-2012 12:00,52.0,128,186666873256017920
04-02-2012 12:00,0.0,0,186666865232330753
04-02-2012 11:00,60.0,141,186651769617661952
04-02-2012 11:00,0.0,0,186651764928413696
04-02-2012 10:00,46.0,118,186636669028536320
04-02-2012 10:00,0.0,0,186636663945039872
04-02-2012 09:00,0.0,0,186621563653718016
04-02-2012 08:00,38.0,105,186606481037213696
04-02-2012 08:00,0.0,0,186606476213747712
04-02-2012 07:00,35.0,99,186591369773584384
04-02-2012 07:00,0.0,0,186591364992081921
04-02-2012 06:00,28.0,82,186576270807666688
04-02-2012 06:00,0.0,0,186576265149558787
04-02-2012 05:00,36.0,102,186561169358729217
04-02-2012 05:00,0.0,0,186561164279422977
04-02-2012 04:00,45.0,117,186546068488585217
04-02-2012 04:00,0.0,0,186546064021651456
04-02-2012 03:00,35.0,99,186530968084025344
04-02-2012 03:00,0.0,0,186530962958594049
04-02-2012 02:00,31.0,89,186515870309289985
04-02-2012 02:00,0.0,0,186515865594888192
04-02-2012 01:00,41.0,110,186500767077765120
04-02-2012 01:00,0.0,0,186500762212376577
04-02-2012 00:00,28.0,82,186485682200526849
04-02-2012 00:00,0.0,0,186485676643069954
04-01-2012 23:00,44.0,115,186470592998940674
04-01-2012 23:00,0.0,0,186470587806384129
04-01-2012 22:00,54.0,131,186455509560340481
04-01-2012 22:00,0.0,0,186455499724701696
04-01-2012 21:00,47.0,120,186440368324231168
04-01-2012 21:00,0.0,0,186440363148447744
04-01-2012 20:00,43.0,113,186425275368734720
04-01-2012 20:00,0.0,0,186425270427852800
04-01-2012 19:00,36.0,102,186410203166674944
04-01-2012 19:00,0.0,0,186410198422917120
04-01-2012 18:00,38.0,105,186395077822775296
04-01-2012 18:00,0.0,0,186395072697352192
04-01-2012 17:00,43.0,113,186379964092915712
04-01-2012 17:00,0.0,0,186379959181385728
04-01-2012 16:00,40.0,108,186364884005560320
04-01-2012 16:00,0.0,0,186364876397088768
04-01-2012 15:00,49.0,123,186349760465215489
04-01-2012 15:00,0.0,0,186349755843084288
04-01-2012 14:00,56.0,135,186334662514319360
04-01-2012 14:00,0.0,0,186334657653112833
04-01-2012 13:00,63.0,146,186319559127597058
04-01-2012 13:00,0.0,0,186319554509676544
04-01-2012 12:00,79.0,159,186304472723619840
04-01-2012 12:00,0.0,0,186304466813853696
04-01-2012 11:00,76.0,157,186289359543205888
04-01-2012 11:00,0.0,0,186289354761711619
04-01-2012 10:00,78.0,158,186274258777935872
04-01-2012 10:00,0.0,0,186274253891584001
04-01-2012 09:00,90.0,165,186259164450918400
04-01-2012 09:00,0.0,0,186259159463890944
04-01-2012 08:00,82.0,161,186244061370400768
04-01-2012 08:00,0.0,0,186244056186232832
04-01-2012 06:00,54.0,131,186213860519325697
04-01-2012 06:00,0.0,0,186213855809122305
04-01-2012 05:00,57.0,136,186198757992443906
04-01-2012 05:00,0.0,0,186198753257062400
04-01-2012 04:00,65.0,149,186183659714392064
04-01-2012 04:00,0.0,0,186183654232440832
04-01-2012 03:00,71.0,154,186168563504136192
04-01-2012 03:00,0.0,0,186168558298992640
04-01-2012 02:00,55.0,133,186153470296981505
04-01-2012 02:00,0.0,0,186153461547663362
04-01-2012 01:00,57.0,136,186138363663884289
04-01-2012 01:00,0.0,0,186138358425190400
04-01-2012 00:00,39.0,107,186123280279814144
04-01-2012 00:00,0.0,0,186123269743706112
03-31-2012 23:00,52.0,128,186108177698406400
03-31-2012 23:00,0.0,0,186108171394359296
03-31-2012 22:00,54.0,131,186093097799794688
03-31-2012 21:00,54.0,131,186078038579093504
03-31-2012 20:00,27.0,79,186062861594935297
03-31-2012 19:00,24.0,72,186047761047752706
03-31-2012 18:00,27.0,79,186032666288726018
03-31-2012 18:00,0.0,0,186032661041655809
03-31-2012 17:00,26.0,77,186017566941122560
03-31-2012 17:00,0.0,0,186017561362706432
03-31-2012 16:00,29.0,84,186002483141804033
03-31-2012 16:00,0.0,0,186002475415900160
03-31-2012 15:00,24.0,72,185987358590644224
03-31-2012 15:00,0.0,0,185987353448419328
03-31-2012 14:00,21.0,65,185972461639172098
03-31-2012 14:00,0.0,0,185972453221216258
03-31-2012 13:00,20.0,62,185957156196057089
03-31-2012 13:00,0.0,0,185957150995132417
03-31-2012 12:00,21.0,65,185942056689078274
03-31-2012 12:00,0.0,0,185942051475562496
03-31-2012 11:00,14.0,45,185926967948869632
03-31-2012 11:00,0.0,0,185926961200238593
03-31-2012 10:00,18.0,57,185911857658339328
03-31-2012 10:00,0.0,0,185911852390293505
03-31-2012 09:00,17.0,55,185896753948659712
03-31-2012 09:00,0.0,0,185896748709978112
03-31-2012 08:00,10.0,32,185881655280549888
03-31-2012 08:00,0.0,0,185881649827950592
03-31-2012 07:00,11.0,36,185866554796290049
03-31-2012 07:00,0.0,0,185866549175918593
03-31-2012 06:00,10.0,32,185851453754183680
03-31-2012 06:00,0.0,0,185851448888803328
03-31-2012 05:00,10.0,32,185836355648098305
03-31-2012 05:00,0.0,0,185836348299677696
03-31-2012 04:00,11.0,36,185821253649694720
03-31-2012 04:00,0.0,0,185821248507486208
03-31-2012 03:00,33.0,94,185806152435646466
03-31-2012 03:00,0.0,0,185806147314388992
03-31-2012 02:00,42.0,112,185791051942989824
03-31-2012 02:00,0.0,0,185791046779813889
03-31-2012 01:00,42.0,112,185775962548469760
03-31-2012 01:00,0.0,0,185775955871145986
03-31-2012 00:10,0.0,0,185760860495560704
03-30-2012 23:00,37.0,103,185745755154300930
03-30-2012 23:00,0.0,0,185745749101903872
03-30-2012 22:00,34.0,97,185730683719786496
03-30-2012 22:00,0.0,0,185730668406386689
03-30-2012 21:00,32.0,92,185715563685879808
03-30-2012 21:00,0.0,0,185715547005128704
03-30-2012 20:00,30.0,87,185700451201712128
03-30-2012 20:00,0.0,0,185700445707190272
03-30-2012 19:00,20.0,62,185685349886996480
03-30-2012 19:00,0.0,0,185685344459558913
03-30-2012 18:00,13.0,42,185670247846645760
03-30-2012 18:00,0.0,0,185670242570211328
03-30-2012 17:00,19.0,60,185655466003668992
03-30-2012 17:00,0.0,0,185655419375583233
03-30-2012 16:00,0.0,0,185640055166091264
03-30-2012 15:00,8.0,26,185625131614351360
03-30-2012 15:00,0.0,0,185625126635712514
03-30-2012 14:00,16.0,52,185609841316864001
03-30-2012 14:00,0.0,0,185609836568915969
03-30-2012 13:00,13.0,42,185594895946362880
03-30-2012 13:00,0.0,0,185594891294883840
03-30-2012 12:00,22.0,67,185579813828956160
03-30-2012 12:00,0.0,0,185579809122942978
03-30-2012 11:00,20.0,62,185564697578307584
03-30-2012 11:00,0.0,0,185564692394151936
03-30-2012 10:00,13.0,42,185549611656687616
03-30-2012 10:00,0.0,0,185549606799675392
03-30-2012 09:00,11.0,36,185534496362344448
03-30-2012 09:00,0.0,0,185534491295625218
03-30-2012 08:00,10.0,32,185519396259758080
03-30-2012 08:00,0.0,0,185519390773608448
03-30-2012 07:00,8.0,26,185504294714351621
03-30-2012 07:00,0.0,0,185504289916063744
03-30-2012 06:00,7.0,23,185489195010244608
03-30-2012 06:00,0.0,0,185489190077739008
03-30-2012 05:00,5.0,16,185474094244970496
03-30-2012 05:00,0.0,0,185474089283092480
03-30-2012 04:00,7.0,23,185458992460464128
03-30-2012 04:00,0.0,0,185458986798157824
03-30-2012 03:00,10.0,32,185443891024109568
03-30-2012 03:00,0.0,0,185443886250995714
03-30-2012 02:00,7.0,23,185428790879600640
03-30-2012 01:00,10.0,32,185413690047213569
03-30-2012 00:00,15.0,49,185398594164113408
03-29-2012 23:00,18.0,57,185383493914738690
03-29-2012 22:00,10.0,32,185368547810230272
03-29-2012 21:00,8.0,26,185353301120925697
03-29-2012 20:00,10.0,32,185338199562915840
03-29-2012 19:00,13.0,42,185323093022089216
03-29-2012 18:00,16.0,52,185307989111087104
03-29-2012 17:00,17.0,55,185292887485984769
03-29-2012 16:00,23.0,69,185277808044539904
03-29-2012 15:00,30.0,87,185262686500691968
03-29-2012 15:00,0.0,0,185262681790480384
03-29-2012 14:00,36.0,102,185247586704297984
03-29-2012 14:00,0.0,0,185247581750824960
03-29-2012 13:00,50.0,125,185232486266191872
03-29-2012 13:00,0.0,0,185232481493061632
03-29-2012 12:00,64.0,148,185217386553683968
03-29-2012 12:00,0.0,0,185217381805735936
03-29-2012 11:00,78.0,158,185202299784806400
03-29-2012 11:00,0.0,0,185202294940381184
03-29-2012 10:00,87.0,163,185187184909885441
03-29-2012 10:00,0.0,0,185187179876728832
03-29-2012 09:00,79.0,159,185172085751029760
03-29-2012 09:00,0.0,0,185172079602180096
03-29-2012 08:00,77.0,158,185156984687955968
03-29-2012 08:00,0.0,0,185156979906457601
03-29-2012 07:00,77.0,158,185141884363079683
03-29-2012 07:00,0.0,0,185141879535448064
03-29-2012 06:00,80.0,159,185126781232226304
03-29-2012 06:00,0.0,0,185126776345858048
03-29-2012 05:00,77.0,158,185111681842679808
03-29-2012 05:00,0.0,0,185111677027622912
03-29-2012 04:00,69.0,153,185096590388772866
03-29-2012 04:00,0.0,0,185096585246547970
03-29-2012 03:00,60.0,141,185081481897586689
03-29-2012 03:00,0.0,0,185081477086715904
03-29-2012 02:00,66.0,151,185066382797455360
03-29-2012 01:00,54.0,131,185051278093725697
03-29-2012 00:00,47.0,120,185036205468041217
03-28-2012 23:00,45.0,117,185021083248893953
03-28-2012 22:00,47.0,120,185005990549262336
03-28-2012 21:00,38.0,105,184990881563148288
03-28-2012 20:00,32.0,92,184975780474920960
03-28-2012 19:00,37.0,103,184960681857130496
03-28-2012 18:00,41.0,110,184945576037720064
03-28-2012 17:00,48.0,121,184930475004006400
03-28-2012 16:00,48.0,121,184915396233674752
03-28-2012 15:00,57.0,136,184900275021168640
03-28-2012 14:00,59.0,140,184885174864056320
03-28-2012 14:00,0.0,0,184885169902190593
03-28-2012 13:00,51.0,126,184870091794563072
03-28-2012 13:00,0.0,0,184870082973941760
03-28-2012 12:00,58.0,138,184854975627796481
03-28-2012 12:00,0.0,0,184854970804355072
03-28-2012 11:00,61.0,143,184839875638460417
03-28-2012 11:00,0.0,0,184839870617878529
03-28-2012 10:00,62.0,144,184824773757513728
03-28-2012 10:00,0.0,0,184824768690786304
03-28-2012 09:00,96.0,169,184809674275692544
03-28-2012 09:00,0.0,0,184809669234143232
03-28-2012 08:00,97.0,169,184794574441549824
03-28-2012 08:00,0.0,0,184794568720519168
03-28-2012 07:00,78.0,158,184779473680465920
03-28-2012 07:00,0.0,0,184779468160774144
03-28-2012 06:00,40.0,108,184764373171044353
03-28-2012 05:00,5.0,16,184749272934252544
03-28-2012 04:00,3.0,10,184734172038959104
03-28-2012 03:00,18.0,57,184719071886065664
03-28-2012 02:00,16.0,52,184703970890100736
03-28-2012 01:00,26.0,77,184688870774947840
03-28-2012 00:00,117.0,181,184673771192467457
03-27-2012 23:00,131.0,189,184658669156319232
03-27-2012 22:00,95.0,168,184643599378550784
03-27-2012 21:00,72.0,155,184628472801542144
03-27-2012 20:00,56.0,135,184613369213493248
03-27-2012 19:00,41.0,110,184598269001863168
03-27-2012 18:00,42.0,112,184583170371489793
03-27-2012 17:00,34.0,97,184568067391635456
03-27-2012 17:00,0.0,0,184568062714970112
03-27-2012 16:00,31.0,89,184552988491259904
03-27-2012 16:00,0.0,0,184552979595145216
03-27-2012 15:00,32.0,92,184537866901270528
03-27-2012 15:00,0.0,0,184537862153310208
03-27-2012 14:00,26.0,77,184522776302981120
03-27-2012 14:00,0.0,0,184522771504697344
03-27-2012 13:00,27.0,79,184507666033426432
03-27-2012 13:00,0.0,0,184507661239320576
03-27-2012 12:00,49.0,123,184492572490739712
03-27-2012 12:00,0.0,0,184492567180742657
03-27-2012 11:00,72.0,155,184477464909721600
03-27-2012 11:00,0.0,0,184477460090470400
03-27-2012 10:00,87.0,163,184462367231442944
03-27-2012 10:00,0.0,0,184462362433163264
03-27-2012 09:00,119.0,182,184447265895759872
03-27-2012 09:00,0.0,0,184447260690620417
03-27-2012 08:00,152.0,202,184432165264703491
03-27-2012 08:00,0.0,0,184432159757582336
03-27-2012 07:00,131.0,189,184417064751075328
03-27-2012 07:00,0.0,0,184417059936014337
03-27-2012 06:00,139.0,193,184401967362211841
03-27-2012 06:00,0.0,0,184401962580705280
03-27-2012 05:00,161.0,211,184386866018131969
03-27-2012 05:00,0.0,0,184386860355821568
03-27-2012 04:00,235.0,285,184371764237836288
03-27-2012 04:00,0.0,0,184371759481491456
03-27-2012 03:00,261.0,311,184356666077224960
03-27-2012 03:00,0.0,0,184356661396389890
03-27-2012 02:00,250.0,300,184341564045266944
03-27-2012 01:00,283.0,333,184326464223719424
03-27-2012 00:00,280.0,330,184311362816704513
03-26-2012 22:00,237.0,287,184281190327533568
03-26-2012 21:00,238.0,288,184266063373017088
03-26-2012 20:00,204.0,254,184250984166461440
03-26-2012 19:00,146.0,197,184235857719476224
03-26-2012 18:00,134.0,191,184220757201653760
03-26-2012 18:00,0.0,0,184220752671801344
03-26-2012 17:00,135.0,191,184205657262665728
03-26-2012 17:00,0.0,0,184205652086882304
03-26-2012 16:00,147.0,198,184190580367163392
03-26-2012 16:00,0.0,0,184190572100198400
03-26-2012 15:00,148.0,199,184175457367900160
03-26-2012 15:00,0.0,0,184175452699631616
03-26-2012 14:00,144.0,196,184160357168852992
03-26-2012 14:00,0.0,0,184160352479608832
03-26-2012 13:00,138.0,193,184145257598955521
03-26-2012 13:00,0.0,0,184145252997808128
03-26-2012 12:00,133.0,190,184130162307244033
03-26-2012 12:00,0.0,0,184130157148246017
03-26-2012 11:00,131.0,189,184115070190616576
03-26-2012 11:00,0.0,0,184115065274908672
03-26-2012 10:00,131.0,189,184099968225771520
03-26-2012 10:00,0.0,0,184099960910905344
03-25-2012 01:00,40.0,108,183601644100001794
03-25-2012 01:00,0.0,0,183601638785826817
03-25-2012 00:00,31.0,89,183586551949819904
03-25-2012 00:00,0.0,0,183586546316877824
03-24-2012 23:00,45.0,117,183571442397478912
03-24-2012 23:00,0.0,0,183571437011996673
03-24-2012 22:00,46.0,118,183556366693171203
03-24-2012 21:00,21.0,65,183541241206677504
03-24-2012 20:00,17.0,55,183526139308937218
03-24-2012 19:00,11.0,36,183511036203249665
03-24-2012 18:00,8.0,26,183495936947920897
03-24-2012 17:00,17.0,55,183480835129876480
03-24-2012 17:00,0.0,0,183480830461607937
03-24-2012 16:00,10.0,32,183465758867726336
03-24-2012 16:00,0.0,0,183465751246680064
03-24-2012 14:00,12.0,39,183435555642683392
03-24-2012 14:00,0.0,0,183435550236225536
03-24-2012 13:00,12.0,39,183420438091800577
03-24-2012 13:00,0.0,0,183420433171881984
03-24-2012 12:00,20.0,62,183405342586191872
03-24-2012 12:00,0.0,0,183405337519472641
03-24-2012 11:00,0.0,0,183390233776234496
03-24-2012 10:00,19.0,60,183375137859567616
03-24-2012 10:00,0.0,0,183375132960636928
03-24-2012 09:00,13.0,42,183360034565128192
03-24-2012 09:00,0.0,0,183360029540360192
03-24-2012 08:00,15.0,49,183344930826100736
03-24-2012 08:00,0.0,0,183344926111703041
03-24-2012 07:00,15.0,49,183329830740303873
03-24-2012 07:00,0.0,0,183329825933627392
03-24-2012 06:00,12.0,39,183314731241709568
03-24-2012 06:00,0.0,0,183314725885591552
03-24-2012 05:00,16.0,52,183299629255888897
03-24-2012 05:00,0.0,0,183299624658939906
03-24-2012 04:00,27.0,79,183284528142499840
03-24-2012 04:00,0.0,0,183284523478417408
03-24-2012 03:00,27.0,79,183269428291575808
03-24-2012 03:00,0.0,0,183269423438770176
03-24-2012 02:00,26.0,77,183254330550394883
03-24-2012 02:00,0.0,0,183254324841943042
03-24-2012 01:00,18.0,57,183239231609643009
03-24-2012 01:00,0.0,0,183239226505179137
03-24-2012 00:00,14.0,45,183224136867389440
03-24-2012 00:00,0.0,0,183224130966011904
03-23-2012 23:00,16.0,52,183209043198885888
03-23-2012 23:00,0.0,0,183209038023106560
03-23-2012 22:00,20.0,62,183193969017094144
03-23-2012 22:00,0.0,0,183193963858100226
03-23-2012 21:00,24.0,72,183178830041726977
03-23-2012 21:00,0.0,0,183178824861757440
03-23-2012 20:00,10.0,32,183163734041165824
03-23-2012 20:00,0.0,0,183163723605753856
03-23-2012 19:00,9.0,29,183148649272983552
03-23-2012 19:00,0.0,0,183148642985713664
03-23-2012 18:00,10.0,32,183133534460977153
03-23-2012 18:00,0.0,0,183133528895135744
03-23-2012 17:00,8.0,26,183118647206752256
03-23-2012 17:00,0.0,0,183118613425823744
03-23-2012 16:00,11.0,36,183103327737880576
03-23-2012 16:00,0.0,0,183103322906034176
03-23-2012 15:00,15.0,49,183088222979637248
03-23-2012 15:00,0.0,0,183088218407833600
03-23-2012 14:00,15.0,49,183073122914795520
03-23-2012 14:00,0.0,0,183073118112325632
03-23-2012 13:00,28.0,82,183058184284553216
03-23-2012 13:00,0.0,0,183058179368816641
03-23-2012 12:00,18.0,57,183043082672013313
03-23-2012 12:00,0.0,0,183043078112808960
03-23-2012 11:00,22.0,67,183027999506051072
03-23-2012 11:00,0.0,0,183027991188742144
03-23-2012 10:00,18.0,57,183012879958671360
03-23-2012 10:00,0.0,0,183012875323965440
03-23-2012 09:00,79.0,159,182997780179066882
03-23-2012 09:00,0.0,0,182997775011692544
03-23-2012 08:00,81.0,160,182982687554936833
03-23-2012 08:00,0.0,0,182982682848923648
03-23-2012 07:00,67.0,152,182967581089595394
03-23-2012 07:00,0.0,0,182967575725084675
03-23-2012 06:00,56.0,135,182952568572481536
03-23-2012 06:00,0.0,0,182952562612379649
03-23-2012 05:00,54.0,131,182937379177373697
03-23-2012 05:00,0.0,0,182937374328754177
03-23-2012 04:00,50.0,125,182922281775939585
03-23-2012 04:00,0.0,0,182922276591771648
03-23-2012 03:00,40.0,108,182907175079911426
03-23-2012 03:00,0.0,0,182907170281631744
03-23-2012 02:00,37.0,103,182892074922807296
03-23-2012 02:00,0.0,0,182892070103556096
03-23-2012 01:00,41.0,110,182876976657350656
03-23-2012 01:00,0.0,0,182876971410268160
03-23-2012 00:00,37.0,103,182861881495658499
03-23-2012 00:00,0.0,0,182861876307300353
03-22-2012 23:00,39.0,107,182846777584664576
03-22-2012 23:00,0.0,0,182846772455022595
03-22-2012 22:00,50.0,125,182831705839779840
03-22-2012 22:00,0.0,0,182831696469696514
03-22-2012 21:00,57.0,136,182816589719150593
03-22-2012 21:00,0.0,0,182816584560152576
03-22-2012 20:00,71.0,154,182801483631304704
03-22-2012 20:00,0.0,0,182801478824628225
03-22-2012 19:00,91.0,166,182786381062488066
03-22-2012 19:00,0.0,0,182786375395975168
03-22-2012 18:00,106.0,174,182771271325597696
03-22-2012 18:00,0.0,0,182771266531491840
03-22-2012 17:00,107.0,175,182756169851478016
03-22-2012 17:00,0.0,0,182756165195796482
03-22-2012 16:00,69.0,153,182741094835032064
03-22-2012 16:00,0.0,0,182741086895214592
03-22-2012 15:00,64.0,148,182725971714113536
03-22-2012 15:00,0.0,0,182725967033286656
03-22-2012 14:00,78.0,158,182710873037619200
03-22-2012 14:00,0.0,0,182710867937329153
03-22-2012 13:00,77.0,158,182695771332820993
03-22-2012 13:00,0.0,0,182695766647783424
03-22-2012 12:00,94.0,167,182680673490960386
03-22-2012 12:00,0.0,0,182680667786706944
03-22-2012 11:00,107.0,175,182665572121710592
03-22-2012 11:00,0.0,0,182665567113711616
03-22-2012 10:00,116.0,180,182650472195305472
03-22-2012 10:00,0.0,0,182650467283771392
03-22-2012 09:00,212.0,262,182635369370632192
03-22-2012 09:00,0.0,0,182635364618477568
03-22-2012 08:00,282.0,332,182620267883921410
03-22-2012 08:00,0.0,0,182620263102418946
03-22-2012 07:00,306.0,356,182605168834117634
03-22-2012 07:00,0.0,0,182605164199415808
03-22-2012 06:00,306.0,356,182590066261098497
03-22-2012 06:00,0.0,0,182590061324414978
03-22-2012 05:00,269.0,319,182574965462269952
03-22-2012 05:00,0.0,0,182574960517185537
03-22-2012 04:00,354.0,403,182559865363902464
03-22-2012 04:00,0.0,0,182559860506902529
03-22-2012 03:00,260.0,310,182544767614328832
03-22-2012 03:00,0.0,0,182544762803470336
03-22-2012 02:00,246.0,296,182529669722152960
03-22-2012 02:00,0.0,0,182529664437321729
03-22-2012 01:00,378.0,419,182514590205218816
03-22-2012 01:00,0.0,0,182514582466736129
03-22-2012 00:00,407.0,438,182499467952521216
03-22-2012 00:00,0.0,0,182499462583816192
03-21-2012 23:00,398.0,432,182484368269377536
03-21-2012 23:00,0.0,0,182484363169120256
03-21-2012 22:00,393.0,429,182469299884130304
03-21-2012 22:00,0.0,0,182469280569372673
03-21-2012 20:00,355.0,404,182439067747745792
03-21-2012 20:00,0.0,0,182439062957850626
03-21-2012 19:00,347.0,397,182423968609878017
03-21-2012 19:00,0.0,0,182423963576700928
03-21-2012 18:00,338.0,388,182409289112092672
03-21-2012 18:00,0.0,0,182409273706418176
03-21-2012 17:00,338.0,388,182393761043726336
03-21-2012 17:00,0.0,0,182393756056682496
03-21-2012 16:00,241.0,291,182378687453335552
03-21-2012 16:00,0.0,0,182378678804680705
03-21-2012 15:00,259.0,309,182363562705031168
03-21-2012 15:00,0.0,0,182363558166790144
03-21-2012 14:00,336.0,386,182348464406011905
03-21-2012 14:00,0.0,0,182348459666452482
03-21-2012 13:00,327.0,377,182333359022804992
03-21-2012 13:00,0.0,0,182333354199359488
03-21-2012 12:00,308.0,358,182318270643306496
03-21-2012 12:00,0.0,0,182318265857622016
03-21-2012 11:00,280.0,330,182303160717672449
03-21-2012 11:00,0.0,0,182303155810349056
03-21-2012 10:00,262.0,312,182288057196744704
03-21-2012 10:00,0.0,0,182288052033552386
03-21-2012 09:00,252.0,302,182272956536340480
03-21-2012 09:00,0.0,0,182272951503163392
03-21-2012 08:00,252.0,302,182257864264531968
03-21-2012 08:00,0.0,0,182257859545931776
03-21-2012 07:00,217.0,267,182242755295195136
03-21-2012 07:00,0.0,0,182242750618546176
03-21-2012 06:00,193.0,243,182227656325070848
03-21-2012 06:00,0.0,0,182227651497443329
03-21-2012 05:00,180.0,230,182212562463625218
03-21-2012 05:00,0.0,0,182212557824720898
03-21-2012 04:00,193.0,243,182197457252401152
03-21-2012 04:00,0.0,0,182197452542181376
03-21-2012 03:00,188.0,238,182182360756912128
03-21-2012 03:00,0.0,0,182182356067680256
03-21-2012 02:00,201.0,251,182167258896928768
03-21-2012 02:00,0.0,0,182167253821829120
03-21-2012 01:00,202.0,252,182152155623473153
03-21-2012 01:00,0.0,0,182152150397362177
03-21-2012 00:00,187.0,237,182137053104971776
03-21-2012 00:00,0.0,0,182137048478646273
03-20-2012 23:00,163.0,213,182121986812674049
03-20-2012 23:00,0.0,0,182121976909934592
03-20-2012 22:00,133.0,190,182106886219382784
03-20-2012 22:00,0.0,0,182106876928991232
03-20-2012 21:00,126.0,186,182091755611619328
03-20-2012 21:00,0.0,0,182091750515539968
03-20-2012 20:00,94.0,167,182076659623665664
03-20-2012 19:00,82.0,161,182061556094353408
03-20-2012 19:00,0.0,0,182061550604005376
03-20-2012 18:00,79.0,159,182046451340296192
03-20-2012 18:00,0.0,0,182046446651056128
03-20-2012 17:00,90.0,165,182031349090234368
03-20-2012 17:00,0.0,0,182031344547799042
03-20-2012 16:00,104.0,173,182016270747701249
03-20-2012 16:00,0.0,0,182016260383588352
03-20-2012 15:00,143.0,196,182001151863029760
03-20-2012 15:00,0.0,0,182001147240914944
03-20-2012 14:00,129.0,188,181986050070159360
03-20-2012 14:00,0.0,0,181986045347377153
03-20-2012 13:00,101.0,171,181970949896282112
03-20-2012 13:00,0.0,0,181970945110589440
03-20-2012 12:00,107.0,175,181955853841215489
03-20-2012 12:00,0.0,0,181955847226789889
03-20-2012 11:00,158.0,208,181940747816284160
03-20-2012 11:00,0.0,0,181940743085109248
03-20-2012 10:00,166.0,216,181925649731166208
03-20-2012 10:00,0.0,0,181925644953853952
03-20-2012 09:00,155.0,205,181910561108398080
03-20-2012 09:00,0.0,0,181910556238823424
03-20-2012 08:00,159.0,209,181895448334835713
03-20-2012 08:00,0.0,0,181895443079372800
03-20-2012 07:00,162.0,212,181880346822967296
03-20-2012 07:00,0.0,0,181880342028877824
03-20-2012 06:00,164.0,214,181865246900752384
03-20-2012 06:00,0.0,0,181865242186366976
03-20-2012 05:00,166.0,216,181850146588475392
03-20-2012 05:00,0.0,0,181850141735665664
03-20-2012 04:00,172.0,222,181835054048219136
03-20-2012 04:00,0.0,0,181835049275105280
03-20-2012 03:00,142.0,195,181819947704516610
03-20-2012 03:00,0.0,0,181819942935609345
03-20-2012 02:00,134.0,191,181804845555126272
03-20-2012 02:00,0.0,0,181804840790396928
03-20-2012 01:00,137.0,192,181789763982991362
03-20-2012 01:00,0.0,0,181789759016943616
03-20-2012 00:00,125.0,185,181774700479913985
03-20-2012 00:00,0.0,0,181774695476113410
03-19-2012 23:00,106.0,174,181759724868481024
03-19-2012 23:00,0.0,0,181759717796884480
03-19-2012 20:00,100.0,171,181714331694673920
03-19-2012 20:00,0.0,0,181714326648918017
03-19-2012 19:00,100.0,171,181699227989192705
03-19-2012 19:00,0.0,0,181699222989582336
03-19-2012 18:00,91.0,166,181684040854814720
03-19-2012 18:00,0.0,0,181684035511255040
03-19-2012 17:00,101.0,171,181668939284221952
03-19-2012 17:00,0.0,0,181668934083280896
03-19-2012 16:00,114.0,179,181653867002466304
03-19-2012 16:00,0.0,0,181653858978770944
03-19-2012 15:00,128.0,187,181638738831622144
03-19-2012 15:00,0.0,0,181638733941055488
03-19-2012 14:00,154.0,204,181623637504311296
03-19-2012 14:00,0.0,0,181623632689250305
03-19-2012 13:00,143.0,196,181608540719419392
03-19-2012 13:00,0.0,0,181608535854022656
